participant_id,DTD_set0,confidence_set0,bead_confidence_set0,decision_confidence_set0,DTD_set1,confidence_set1,bead_confidence_set1,decision_confidence_set1,DTD_set2,confidence_set2,bead_confidence_set2,decision_confidence_set2,DTD_set3,confidence_set3,bead_confidence_set3,decision_confidence_set3,DTD_set4,confidence_set4,bead_confidence_set4,decision_confidence_set4,DTD_set5,confidence_set5,bead_confidence_set5,decision_confidence_set5,DTD_set6,confidence_set6,bead_confidence_set6,decision_confidence_set6,DTD_set7,confidence_set7,bead_confidence_set7,decision_confidence_set7,DTD_set8,confidence_set8,bead_confidence_set8,decision_confidence_set8,DTD_set9,confidence_set9,bead_confidence_set9,decision_confidence_set9,DTD_set10,confidence_set10,bead_confidence_set10,decision_confidence_set10,DTD_set11,confidence_set11,bead_confidence_set11,decision_confidence_set11,DTD_set12,confidence_set12,bead_confidence_set12,decision_confidence_set12,DTD_set13,confidence_set13,bead_confidence_set13,decision_confidence_set13,DTD_set14,confidence_set14,bead_confidence_set14,decision_confidence_set14,DTD_set15,confidence_set15,bead_confidence_set15,decision_confidence_set15,DTD_set16,confidence_set16,bead_confidence_set16,decision_confidence_set16,DTD_set17,confidence_set17,bead_confidence_set17,decision_confidence_set17,DTD_set18,confidence_set18,bead_confidence_set18,decision_confidence_set18,DTD_set19,confidence_set19,bead_confidence_set19,decision_confidence_set19
PG11,8.0,77.32639312744142,"[60.277776364926936, 69.16667090521919, 74.72222646077475, 71.94444868299696, 80.0925925925926, 84.62963810673467, 87.40741588451245, 90.37037602177374]",89.90741306,9.0,88.00411773807227,"[84.72222222222221, 88.42592592592592, 80.00000847710503, 85.00000282570169, 89.81481481481481, 90.64815662525318, 87.6851823594835, 91.75926491066262, 93.9814814814815]",95.09258977,9.0,90.89506329822933,"[84.81482046621818, 87.77778060347944, 90.09259541829427, 87.6851823594835, 92.22222787362557, 94.16666384096499, 95.37037037037037, 94.9074074074074, 91.01852134422019]",91.2037037,8.0,90.93750141285084,"[84.72222222222221, 87.22221939652056, 89.6296324553313, 91.94444727014613, 94.16666384096499, 89.6296324553313, 94.53704268844038, 95.64815097384982]",95.18518801,4.0,88.98148360075774,"[85.27778342918113, 85.3703675446687, 90.27777777777779, 95.00000565140337]",90.74074074,9.0,89.38271950301811,"[84.81482046621818, 87.59259824399595, 85.27778342918113, 89.6296324553313, 90.83333898473668, 91.85184902615018, 88.33334181043837, 91.01852134422019, 95.09258976689092]",95.09258977,8.0,90.98379876878528,"[84.62963810673467, 89.07407124837239, 92.31481198911314, 87.96296296296296, 90.27777777777779, 92.68519083658855, 95.18518801088686, 95.74074921784577]",95.00000565,7.0,89.36508219078105,"[85.18518518518519, 87.77778060347944, 89.53703421133537, 91.94444727014613, 94.07407972547743, 84.3518575032552, 92.68519083658855]",94.6296268,4.0,90.87963457460759,"[84.62963810673467, 88.24074356644243, 95.00000565140337, 95.64815097384982]",95.64815097,5.0,93.29629968713832,"[84.53703986273872, 96.38889454029224, 91.66666666666667, 96.6666751437717, 97.22222222222221]",96.48147866,9.0,73.00411506935403,"[60.09259400544343, 70.27777919062862, 67.68518377233434, 75.09259117974175, 76.85185185185186, 80.74073791503906, 80.83333615903501, 75.0, 70.46296155011213]",65.37036896,9.0,73.27160540922188,"[60.46296578866463, 67.22222080937138, 72.40741164595991, 70.64815097384982, 80.2777749520761, 72.31481340196397, 81.66666384096499, 75.0, 79.44444727014613]",80.27777495,9.0,78.18930276627401,"[60.18518518518518, 68.42592733877677, 74.8148176405165, 80.18519083658855, 84.90740458170573, 83.42593157732928, 89.81481481481481, 81.94444444444444, 80.00000847710503]",80.00000848,9.0,70.37037194020463,"[60.18518518518518, 64.6296324553313, 72.77777636492694, 69.81481622766566, 69.62963386818215, 76.5740783126266, 79.62962962962963, 74.90740882025825, 65.18518659803603]",64.35185185,9.0,72.94238997094425,"[59.90741164595993, 65.37036895751953, 70.0925968311451, 74.90740882025825, 74.62962821677878, 80.462971440068, 75.92592592592592, 80.462971440068, 74.72222646077475]",75.18518942,9.0,69.72222347808963,"[60.37037460892288, 68.33333615903501, 72.12963104248047, 69.62963386818215, 75.09259117974175, 64.90740599455657, 69.35185326470268, 77.22222363507306, 70.46296155011213]",74.62962822,9.0,67.8909482288753,"[60.277776364926936, 68.88889030173972, 62.96296296296296, 60.46296578866463, 64.81481481481481, 69.62963386818215, 69.25926208496094, 75.0, 79.72222787362557]",77.6851866,9.0,69.5679024904353,"[60.000002825701685, 67.68518377233434, 74.35185467755353, 72.59259400544343, 69.9074074074074, 65.46296720151548, 70.18518801088686, 76.01851710566767, 69.9074074074074]",69.81481623,9.0,66.0082310806086,"[60.46296578866463, 67.40741023310909, 65.27777777777779, 60.277776364926936, 69.07407266122323, 65.09259541829428, 70.18518801088686, 66.75925784640842, 69.53703562418619]",70.18518801,9.0,69.62963151343075,"[60.09259400544343, 68.14814673529732, 70.55555979410806, 75.09259117974175, 68.05555555555556, 76.66666949236834, 70.64815097384982, 67.31481905336733, 70.0925968311451]",69.62963387
PG12,3.0,36.79012369226526,"[5.4629643758138, 16.018517812093098, 88.88888888888889]",90.64815663,4.0,27.361113053781015,"[5.740741447166159, 4.351852558277269, 6.666667373092089, 92.68519083658855]",90.74074074,5.0,29.055556544551145,"[3.425926632351345, 4.444443738019027, 5.2777784842032, 38.61111534966363, 93.5185185185185]",99.07407407,3.0,33.82716120025258,"[1.8518518518518545, 3.518517812093097, 96.1111139368128]",90.27777778,8.0,27.534724606408012,"[2.870372489646628, 98.24074639214409, 3.6111125239619515, 4.814815521240234, 3.6111125239619515, 5.0925925925925934, 8.888891008165146, 93.14815379955151]",28.24074074,3.0,33.05555861673238,"[2.6851865980360268, 5.185187304461442, 91.29630194769966]",88.33334181,3.0,34.19753180609809,"[5.2777784842032, 4.722224341498482, 92.5925925925926]",90.18519366,4.0,26.018520637794776,"[3.0555548491301376, 0.0, 9.907408113832828, 91.11111958821614]",94.90740741,6.0,22.021606822072727,"[3.6111125239619515, 6.574076193350331, 9.259259259259261, 6.85185326470269, 6.203704410129124, 99.62963528103299]",99.62963528,2.0,51.01852240385833,"[2.1296289232042076, 99.90741588451245]",99.7222194,4.0,23.634259789078325,"[2.2222236350730618, 0.1851858916106064, 0.0, 92.12962962962963]",80.9259344,7.0,6.693121995875444,"[0.0, 0.0, 0.37037178322120723, 0.0, 1.1111118175365309, 27.314814814814813, 18.055555555555557]",17.77777848,4.0,24.814815874452943,"[0.0925947118688486, 1.2962977091471373, 1.1111118175365309, 96.75925925925925]",72.68518519,6.0,4.969135920206706,"[0.27777707135235863, 0.0, 4.444443738019027, 4.259261378535517, 5.370369663944952, 15.46296366938838]",16.57407549,3.0,32.06790170551818,"[0.27777707135235863, 0.5555576748318136, 95.37037037037037]",81.94444444,8.0,3.9120378317656344,"[0.462962962962965, 0.462962962962965, 1.1111118175365309, 1.0185206377947786, 0.9259259259259245, 2.9629636693883796, 10.277779897054035, 14.074074780499496]",13.14814885,7.0,16.812169614923064,"[0.27777707135235863, 2.5925918861671726, 4.722224341498482, 5.648150267424406, 4.166666666666669, 3.796298415572558, 96.48147865577981]",82.1296268,6.0,15.524693477300952,"[0.37037178322120723, 0.0, 0.0, 0.5555576748318136, 2.9629636693883796, 89.25926773636431]",85.09260107,5.0,11.51851936622902,"[0.1851858916106064, 1.1111118175365309, 2.9629636693883796, 2.0370377434624554, 51.29629770914713]",51.20370653,3.0,29.845679247820815,"[0.0925947118688486, 1.7592606721100967, 87.6851823594835]",66.66666667
PG13,5.0,57.586254320607715,"[47.926291888307546, 55.05097223722999, 60.14003979815086, 39.78378896769481, 85.03017871165535]",99.18701597,6.0,60.51015621452789,"[49.40675108273992, 50.054447531439486, 37.65564626671449, 69.6704655291414, 78.73824816631412, 77.53537871081794]",99.27952647,6.0,63.440212964351616,"[47.926291888307546, 57.641764503103985, 73.2790544824025, 48.11135171426502, 64.6739214101235, 89.00889378790716]",93.91288211,4.0,60.81086872509508,"[44.50273687670072, 48.11135171426502, 64.76645779417804, 85.86292851523656]",91.04451305,6.0,64.47345179564186,"[47.18605905555345, 53.75557933983088, 66.89461343730996, 81.51409378706977, 57.826830800137266, 79.66353435394986]",93.91288211,9.0,71.14063139898853,"[51.719960080753516, 69.94804232592602, 49.49927452464286, 64.85898770715679, 70.13308920973188, 77.90547247842969, 71.89113814310048, 85.49282180547321, 98.81689631568233]",99.83471889,6.0,63.71780054626256,"[51.812483522656436, 50.054447531439486, 69.30035234830227, 50.79466742204194, 79.7560577958528, 80.5887946572824]",99.92724233,5.0,79.2934121136046,"[50.42456071227861, 65.69174398181379, 87.15832141263564, 93.63531178393436, 99.55712267736061]",99.18701597,4.0,75.89298569759697,"[53.75557933983088, 66.61701722729792, 85.40027247926704, 97.79907374399201]",98.53930011,7.0,71.85148523942777,"[52.090073261592664, 64.9515176201355, 58.844633958600134, 73.5566377502629, 85.03017871165535, 83.27212977828675, 85.21522559546118]",95.94852725,6.0,51.642849662912624,"[48.11135171426502, 47.27858896853219, 39.04356260601652, 42.282064262741685, 47.09354208472632, 86.04798834119403]",92.89508542,7.0,54.006728263015574,"[21.000533715725677, 24.053975546493373, 59.21474713943928, 57.27165132226483, 64.85898770715679, 58.289473893955126, 93.35772851607393]",97.61402686,5.0,54.440289047937085,"[17.484455262215924, 29.51314981717757, 51.812483522656436, 74.11183017028692, 99.27952646734857]",99.83471889,7.0,53.67626798584911,"[43.577463631216574, 48.29640506914667, 48.8515716048675, 55.14350862128452, 39.04356260601652, 50.517090625257346, 90.30427374315464]",98.35426616,6.0,55.4056702369818,"[31.363715721373275, 48.29640506914667, 50.88720380609648, 77.25779544295757, 50.79466742204194, 73.83423396027491]",98.53930011,9.0,46.28134226088609,"[28.772923455499278, 43.6699806020437, 47.556172236392605, 43.39240380525911, 64.30380822928434, 40.80161153938512, 26.182118247473667, 45.9831960711331, 75.86986616150391]",99.0019432,8.0,46.41113802093052,"[29.88326299801671, 37.19300317289662, 45.613076419218146, 41.356771604030115, 45.613076419218146, 58.38200380693388, 35.34243726870091, 77.90547247842969]",90.5818829,11.0,43.57745845435593,"[31.73382890221242, 36.63782369502419, 35.15737097166762, 58.474527248836814, 37.10046678884208, 27.84763726786351, 47.09354208472632, 64.02623143249974, 51.4423703418173, 46.260785810069315]",,7.0,41.713674545826905,"[29.88326299801671, 30.345899620758775, 42.282064262741685, 37.28553308587536, 39.87632535174935, 41.819414697847996, 70.50322180379844]",83.4571896,4.0,52.41392148594244,"[27.570054000003125, 37.19300317289662, 53.940639165788376, 90.95198960508162]",97.24392015
PG14,2.0,74.16666878594292,"[49.16666525381583, 99.16667231807001]",99.7222194,2.0,59.72222222222222,"[19.444444444444443, 100.0]",100.0,2.0,84.81481693409107,"[70.0925968311451, 99.53703703703704]",99.81481764,2.0,75.74074356644242,"[51.85185185185185, 99.62963528103299]",99.07407407,2.0,81.99074003431532,"[63.981480068630646, 100.0]",70.27777919,2.0,68.3796317489059,"[36.75926349781178, 100.0]",100.0,5.0,73.83333418104385,"[55.00000141285084, 57.129633868182154, 88.42592592592592, 100.0, 68.61110969826028]",100.0,4.0,72.569446210508,"[37.40740882025825, 72.50000282570169, 80.37037319607205, 100.0]",100.0,3.0,63.333334746184185,"[28.055558381257235, 78.3333319204825, 83.6111139368128]",100.0,9.0,60.59027954384133,"[37.22222646077474, 88.88888888888889, 49.25926349781178, 50.0, 49.90740882025825, 70.74074215359158, 38.70370652940538, 100.0]",100.0,6.0,66.48148312980746,"[47.50000282570168, 66.3888931274414, 35.740739327889905, 74.25926349781177, 81.75926208496094, 93.24073791503906]",100.0,4.0,58.302469606752744,"[39.62963245533131, 64.90740599455657, 70.37037037037037]",100.0,7.0,66.37566480687056,"[37.314817640516495, 75.55555414270472, 77.96296720151548, 83.88889454029224, 79.16666666666667, 29.814819053367337, 80.92593440303095]",100.0,11.0,50.26852007265444,"[27.500004238552517, 50.09259117974175, 83.98147865577981, 35.64814814814815, 33.981485720034, 78.42593016447844, 82.31482329191985, 37.129628216778784, 37.5, 36.11111111111111]",,2.0,55.74074144716616,"[33.611113936812785, 77.87036895751953]",100.0,9.0,54.4855965508355,"[76.20370652940538, 31.01851851851852, 77.77777777777779, 32.037035624186196, 90.74074074074075, 29.537038449887877, 30.64814673529731, 34.72222222222222, 87.6851823594835]",100.0,11.0,59.927985108928915,"[72.12963104248047, 86.20370935510707, 29.629629629629626, 33.7962962962963, 73.14814814814815, 34.814813401963974, 51.388888888888886, 81.85186032895689, 76.38888888888889]",,2.0,46.2962962962963,[46.2962962962963],100.0,8.0,59.479167726304794,"[71.481485720034, 74.62962821677878, 38.518517105667684, 71.38888747603804, 33.981485720034, 79.44444727014613, 74.16666525381584, 32.2222250479239]",100.0,1.0,74.62962821677878,[74.62962821677878],51.11111535
PG16,8.0,66.43518606821695,"[50.1851894237377, 56.85185326470269, 62.314817640516495, 68.05555555555556, 71.6666680795175, 71.20370511655454, 81.66666384096499, 69.53703562418619]",86.20370936,5.0,60.53703873245804,"[51.57407831262659, 54.35185609040437, 59.72222222222222, 61.20370229085287, 75.83333474618416]",78.24074074,5.0,65.72222533049407,"[51.20370652940538, 55.462964375813804, 58.24074215359158, 74.90740882025825, 88.79630477340132]",84.90740458,7.0,75.27778060347944,"[52.12963245533131, 64.35185185185185, 72.12963104248047, 77.87036895751953, 84.3518575032552, 84.53703986273872, 91.57408255117912]",92.59259259,6.0,66.32716214215314,"[50.370371783221216, 56.20370794225622, 68.42592733877677, 68.24074497929325, 76.94444303159361, 77.77777777777779]",87.5,6.0,64.53703892083816,"[49.16666525381583, 54.81481905336734, 56.666670905219185, 65.27777777777779, 73.79630053484881, 87.5]",90.9259231,5.0,67.7962988394278,"[52.03704127558956, 56.85185326470269, 66.94444727014613, 73.05555696840639, 90.09259541829427]",90.46296014,4.0,66.13426031889739,"[51.57407831262659, 59.351850439001005, 68.61110969826028, 85.00000282570169]",85.46296579,3.0,60.98765620478878,"[51.9444430315936, 52.59259541829427, 78.42593016447844]",87.68518236,4.0,65.94907619335032,"[50.46296296296296, 61.944445857295285, 67.03703844988787, 84.3518575032552]",88.05556121,10.0,65.16666906851309,"[50.92592592592593, 53.98148430718316, 59.25925925925925, 56.296299121997976, 63.240743566442426, 72.40741164595991, 82.31482329191985, 69.99999858714916, 76.38888888888889, 66.85185609040437]",71.5740769,7.0,64.23280504014757,"[50.74074356644241, 55.092592592592595, 56.75926208496094, 65.8333319204825, 68.9814814814815, 74.90740882025825, 77.31481481481481]",83.61111394,6.0,66.86728559894327,"[49.722226460774735, 52.12963245533131, 59.351850439001005, 74.90740882025825, 80.0925925925926, 85.00000282570169]",85.46296579,7.0,61.798944422807644,"[52.12963245533131, 56.75926208496094, 56.666670905219185, 59.537039862738716, 62.314817640516495, 64.35185185185185, 80.83333615903501]",89.4444501,2.0,50.09259117974175,[50.09259117974175],83.05555273,5.0,63.22222391764323,"[50.74074356644241, 62.59259117974175, 65.18518659803603, 65.55555838125724, 72.03703986273872]",78.98148431,8.0,65.27777954384132,"[48.70370229085286, 55.00000141285084, 62.68518942373771, 61.111111111111114, 65.8333319204825, 74.53703703703704, 74.35185467755353, 80.00000847710503]",87.31481764,4.0,56.574075015974636,"[50.09259117974175, 57.31481622766565, 62.314817640516495]",72.12963104,10.0,70.80555739226165,"[49.25926349781178, 55.83333615903501, 61.20370229085287, 62.40740882025825, 67.50000141285084, 70.92592451307509, 76.38888888888889, 79.90741023310908, 86.01852699562356, 98.61111111111111]",96.94444162,6.0,65.46296484676408,"[50.370371783221216, 56.666670905219185, 65.46296720151548, 71.94444868299696, 73.2407393278899, 75.09259117974175]",87.68518236
PG17,3.0,59.074076899775754,"[29.90741023310909, 50.277780603479464, 97.03703986273872]",98.42592875,4.0,61.1342606721101,"[26.38888888888889, 53.61111252396194, 67.03703844988787, 97.50000282570169]",97.96296579,3.0,62.62345961582514,"[39.259260672110095, 51.481480068630646, 97.12963810673467]",98.70370936,3.0,53.27160917682412,"[29.814819053367337, 49.35185467755353, 80.64815379955151]",99.16667232,3.0,58.302471961504146,"[29.07407548692491, 49.444445857295285, 96.38889454029224]",98.05556403,4.0,57.73148360075774,"[31.666670905219185, 48.51851993136936, 53.98148430718316, 96.75925925925925]",97.50000283,3.0,52.22222363507306,"[23.888891714590564, 36.75926349781178, 96.01851569281685]",98.70370936,3.0,58.67283903522256,"[27.407405994556566, 50.74074356644241, 97.8703675446687]",98.98148996,3.0,57.654321929554875,"[23.981482894332323, 50.83333474618418, 98.14814814814814]",99.62963528,4.0,58.75000423855252,"[29.35185609040437, 50.0, 56.20370794225622, 99.44445292154948]",99.62963528,5.0,48.85185382984302,"[15.185186598036026, 34.44444868299696, 41.94444727014612, 57.31481622766565, 95.37037037037037]",97.96296579,5.0,52.79629742657696,"[11.944445857295282, 35.64814814814815, 55.740744979293254, 63.42592592592593, 97.22222222222221]",98.61111111,4.0,49.81481675748472,"[15.370372489646627, 32.407407407407405, 56.018518518518526, 95.46296861436632]",98.61111111,6.0,57.34568172030978,"[19.629630336055047, 40.092595418294266, 55.740744979293254, 72.40741164595991, 71.01852275707104, 85.18518518518519]",98.24074639,4.0,61.04166596024125,"[24.537037037037035, 38.88888888888889, 81.20370087800202, 99.53703703703704]",98.88889171,4.0,50.347223105254,"[19.07407619335033, 40.74074074074075, 62.96296296296296, 78.61111252396196]",87.5,5.0,45.24074130588108,"[22.592594005443434, 39.90740599455657, 52.87036895751953, 42.7777820163303, 68.05555555555556]",84.44444162,4.0,43.263888359069824,"[15.092591886167172, 31.574072661223234, 48.51851993136936, 77.87036895751953]",88.98148713,10.0,61.48148536682129,"[17.7777784842032, 36.388891714590564, 51.57407831262659, 46.01852275707103, 70.18518801088686, 67.12962962962963, 81.11111676251447, 62.870371783221216, 82.31482329191985, 99.44445292154948]",99.62963528,4.0,45.416667726304794,"[14.351851851851855, 34.074076899775754, 60.18518518518518, 73.05555696840639]",99.25925643
PG18,3.0,55.74074262454186,"[24.25926349781178, 53.79629488344546, 89.16666949236834]",86.66667232,5.0,66.50000113028067,"[32.77777919062862, 60.46296578866463, 55.27778201633029, 84.90740458170573, 99.07407407407408]",99.90741588,5.0,55.90740910282841,"[23.888891714590564, 41.66666666666667, 60.9259287516276, 56.481481481481474, 96.57407689977575]",96.11111394,4.0,57.129632102118606,"[40.555558381257235, 47.037039862738716, 43.88889030173973, 97.03703986273872]",88.61110829,3.0,30.87962821677879,"[20.462961550112123, 41.296294883445455]",98.05556403,4.0,65.30092733877677,"[36.481482894332316, 68.61110969826028, 63.240743566442426, 92.87037319607205]",95.00000565,3.0,67.40740787835769,"[30.925927338776766, 76.38888888888889, 94.9074074074074]",100.0,3.0,60.64815285765095,"[34.537039862738716, 62.314817640516495, 85.09260106969762]",84.90740458,3.0,67.59259494734398,"[48.33333757188585, 76.20370652940538, 78.24074074074075]",82.96296861,4.0,58.657409526683665,"[28.888893127441406, 59.16666807951751, 56.481481481481474, 90.09259541829427]",93.24073792,6.0,56.882718168658975,"[28.61111252396195, 35.18518518518518, 42.31481905336733, 56.38889030173972, 83.05555272985387, 95.74074921784577]",75.55555414,5.0,63.79630053484882,"[44.25926208496094, 41.85185609040437, 66.01852134422019, 75.27778060347944, 91.57408255117912]",96.75925926,3.0,63.45679200725792,"[40.555558381257235, 68.9814814814815, 80.83333615903501]",83.24074922,6.0,56.32716225989072,"[16.38888959531431, 59.72222222222222, 72.50000282570169, 58.981485720034, 56.20370794225622, 74.16666525381584]",63.33333475,3.0,54.2901239277404,"[30.64814673529731, 55.83333615903501, 76.38888888888889]",72.68518519,5.0,60.44444472701461,"[26.018517105667684, 54.90741023310909, 83.05555272985387, 60.000002825701685, 78.24074074074075]",69.81481623,7.0,53.174603679192764,"[20.092593299018013, 42.40741023310909, 64.44444303159361, 43.333336159035014, 62.03703703703704, 71.38888747603804, 68.5185185185185]",57.22222505,4.0,50.02314956099899,"[28.148149560998988, 43.51851851851852, 55.55555555555556, 72.8703746089229]",66.38889313,4.0,52.152780250266744,"[24.72222646077474, 45.740742153591576, 64.35185185185185, 73.79630053484881]",57.03703562,4.0,48.77315009081805,"[19.07407619335033, 39.16666949236834, 56.018518518518526, 80.83333615903501]",95.27778625
PG19,7.0,35.55555696840639,"[8.148147441722731, 15.370372489646627, 23.796300534848815, 16.57407548692491, 44.25926208496094, 57.407407407407405, 83.33333333333333]",86.20370936,10.0,38.81481559188278,"[5.0925925925925934, 14.907409526683669, 16.38888959531431, 14.166665960241248, 31.574072661223234, 43.14814673529731, 32.59259683114511, 60.83333757188585, 79.44444727014613, 89.99999717429831]",90.46296014,10.0,37.6481494197139,"[6.85185326470269, 18.055555555555557, 25.277780603479457, 18.425927338776766, 35.83333757188585, 52.40740599455657, 50.64815238670066, 53.24074074074075, 32.407407407407405, 83.33333333333333]",87.59259824,9.0,45.34979651494281,"[6.759258552833841, 19.90740740740741, 22.592594005443434, 30.277782016330296, 56.38889030173972, 37.22222646077474, 68.33333615903501, 78.3333319204825, 88.33334181043837]",87.96296296,10.0,44.32407626399288,"[9.999999293574579, 18.51851851851852, 25.648152386700662, 37.314817640516495, 29.25925784640842, 59.90741164595993, 61.388891714590564, 43.05555555555556, 74.90740882025825, 83.24074921784577]",88.70370653,11.0,36.47222165708188,"[10.925925219500504, 21.296296296296298, 16.85185255827727, 31.574072661223234, 34.814813401963974, 40.74074074074075, 28.703703703703702, 51.9444430315936, 61.57407407407407, 66.29629488344546]",,10.0,48.82407576949508,"[11.666668785942925, 15.925926632351345, 24.16666525381583, 34.537039862738716, 42.31481905336733, 55.37037319607205, 68.05555555555556, 82.12962680392795, 64.6296324553313, 89.4444500958478]",92.50000848,9.0,38.56996096701289,"[8.61111040468569, 19.35185326470269, 26.38888888888889, 33.611113936812785, 38.70370652940538, 27.407405994556566, 47.87037460892289, 58.981485720034, 86.20370935510707]",93.24073792,10.0,42.65740853768808,"[9.629631042480469, 20.277779190628614, 31.48148148148148, 37.129628216778784, 32.49999858714916, 44.35185326470269, 53.33333192048249, 46.66666807951751, 70.55555979410806, 80.64815379955151]",66.66666667,8.0,36.64351922494394,"[12.314814108389394, 17.870369663944953, 34.44444868299696, 34.25925925925925, 41.94444727014612, 52.685186598036026, 27.77777777777778, 71.85185043900103]",71.66666808,10.0,26.351852770204896,"[8.148147441722731, 15.000000706425421, 13.425925925925924, 19.07407619335033, 25.83333474618417, 46.38888747603805, 38.518517105667684, 36.481482894332316, 28.055558381257235, 32.59259683114511]",45.09259683,10.0,37.2407415178087,"[9.814816934091075, 13.425925925925924, 25.0, 24.537037037037035, 37.59259117974175, 29.814819053367337, 52.12963245533131, 36.85185467755353, 66.29629488344546, 76.94444303159361]",60.92592875,10.0,32.63889065495244,"[13.981483600757738, 22.22222222222222, 30.370373196072048, 39.44444303159361, 40.46296720151548, 25.462962962962965, 34.44444868299696, 40.092595418294266, 33.7962962962963, 46.111113936812785]",53.79629488,10.0,24.60185474819607,"[9.53703633061162, 17.9629643758138, 21.481485720033998, 21.57407689977575, 22.96296578866464, 24.72222646077474, 25.74074356644242, 30.833336159035007, 33.981485720034, 37.22222646077474]",42.50000141,10.0,35.55555626198098,"[11.851851145426433, 13.61111181753653, 25.370371783221213, 29.90741023310909, 29.25925784640842, 42.40741023310909, 37.5, 52.12963245533131, 45.46296155011213, 68.05555555555556]",67.68518377,10.0,24.685186456750944,"[11.759259965684677, 16.38888959531431, 22.685185185185187, 24.72222646077474, 30.833336159035007, 23.240739327889905, 26.38888888888889, 30.925927338776766, 25.648152386700662, 34.25925925925925]",40.09259542,11.0,23.055556615193687,"[13.240740034315323, 22.592594005443434, 23.055556968406393, 22.314813401963974, 20.833333333333332, 24.25926349781178, 22.500002825701674, 25.462962962962965, 32.77777919062862, 23.518519931369358]",,10.0,24.92592599656847,"[13.703702997278283, 14.537037743462456, 17.59259259259259, 29.537038449887877, 19.629630336055047, 23.703702290852863, 31.944444444444443, 41.759257846408424, 29.90741023310909, 26.9444430315936]",44.35185326,10.0,24.82407463921441,"[7.870370370370372, 16.666666666666668, 15.092591886167172, 21.666668079517503, 25.0, 15.833335452609592, 28.333331920482497, 26.111115349663628, 40.185186598036026, 51.481480068630646]",57.40740741,10.0,43.88889171459057,"[7.500002119276261, 17.22222434149848, 26.759260672110095, 46.01852275707103, 39.53704127558956, 57.68518801088687, 49.722226460774735, 48.33333757188585, 67.87037319607205, 78.24074074074075]",87.2222194
PG20,5.0,38.240741447166165,"[5.2777784842032, 15.277777777777779, 40.37036895751953, 39.90740599455657, 90.37037602177374]",90.09259542,5.0,35.3888914320204,"[5.370369663944952, 15.370372489646627, 15.185186598036026, 50.370371783221216, 90.64815662525318]",89.53703421,5.0,42.055557392261655,"[5.000001412850841, 14.907409526683669, 50.0, 50.277780603479464, 90.09259541829427]",91.01852134,4.0,42.384261555141876,"[5.370369663944952, 20.555559794108074, 49.814817640516495, 93.79629912199798]",95.18518801,4.0,42.43055802804452,"[4.629629629629628, 20.277779190628614, 49.35185467755353, 95.46296861436632]",95.09258977,5.0,39.16666878594293,"[5.185187304461442, 24.72222646077474, 25.462962962962965, 50.09259117974175, 90.37037602177374]",89.53703421,3.0,13.842595065081563,"[5.2777784842032, 22.407411645959925]",89.99999717,4.0,47.24537266625299,"[4.814815521240234, 25.370371783221213, 65.00000423855252, 93.79629912199798]",94.44444444,4.0,45.16204021595142,"[5.0925925925925934, 25.0, 60.83333757188585, 89.72223069932726]",93.33333616,5.0,37.166667514377174,"[5.0925925925925934, 20.370370370370374, 20.74074215359158, 50.0, 89.6296324553313]",90.46296014,5.0,42.96296296296296,"[4.907406700981987, 20.092593299018013, 30.462964375813804, 69.53703562418619, 89.81481481481481]",90.55555838,5.0,42.90740684226707,"[5.0925925925925934, 20.462961550112123, 49.53703703703704, 49.62962821677879, 89.81481481481481]",89.99999717,4.0,41.82870388031006,"[4.722224341498482, 20.370370370370374, 52.222223635073064, 89.99999717429831]",89.7222307,5.0,44.72222575434932,"[5.648150267424406, 25.462962962962965, 53.51852134422019, 53.888893127441406, 85.09260106969762]",89.7222307,4.0,43.634261908354574,"[5.833332626907911, 25.277780603479457, 53.703703703703695, 89.72223069932726]",90.18519366,5.0,45.53703802603262,"[5.2777784842032, 24.72222646077474, 54.166666666666664, 54.166666666666664, 89.35185185185186]",90.46296014,7.0,37.60582202326053,"[5.2777784842032, 24.814817640516495, 26.38888888888889, 23.425928751627605, 51.57407831262659, 66.29629488344546, 65.46296720151548]",72.03703986,6.0,34.69135967301734,"[4.537038449887875, 22.314813401963974, 25.370371783221213, 49.25926349781178, 49.90740882025825, 56.75926208496094]",76.29629771,7.0,35.9523823652318,"[6.018518518518517, 25.74074356644242, 24.814817640516495, 25.92592592592593, 49.814817640516495, 49.53703703703704, 69.81481622766566]",77.6851866,4.0,42.4305553789492,"[9.074073367648655, 26.111115349663628, 48.70370229085286, 85.83333050763166]",88.70370653
PG21,9.0,86.9013003476594,"[49.68433435060033, 76.88767579104261, 92.61750215439565, 82.71696324256594, 95.48588415920585, 99.64965906141518, 95.39333483299968, 93.91288210964312, 95.76346742706626]",96.59620429,9.0,87.41534463463715,"[47.83376844640462, 80.12616450561613, 73.09400759859663, 96.41117034684162, 96.78127705660495, 98.2617168378099, 98.53930010567032, 97.42897997638029, 98.2617168378099]",98.81689632,7.0,88.25544609391372,"[50.42456071227861, 77.44282938461178, 97.61402686018616, 98.35426616401607, 96.87380049850788, 98.7243728737794, 98.35426616401607]",98.44678961,8.0,90.80162283429982,"[48.8515716048675, 92.43242938628656, 96.04105069492667, 97.33643065017415, 98.53930010567032, 97.70656324424071, 97.79907374399201, 97.70656324424071]",96.8738005,11.0,92.27514341769707,"[49.40675108273992, 91.22955993079039, 98.07666995400403, 97.15139670851991, 96.87380049850788, 97.8916230701982, 98.44678960591897, 95.48588415920585, 99.0019431994882, 99.18701596759728]",,9.0,88.17613319919961,"[64.30380822928434, 88.17614398432596, 70.31816197784096, 97.05884738231374, 97.24392015042282, 98.81689631568233, 84.19740302377089, 99.0019431994882, 94.46807452966718]",99.55712268,10.0,91.21106818456143,"[71.4285079914342, 88.17614398432596, 98.90943269973688, 71.4285079914342, 99.27952646734857, 97.61402686018616, 98.63184943187647, 97.98414651210112, 89.65659670768251, 99.0019431994882]",99.55712268,11.0,93.31146226536941,"[55.698675157005326, 84.66005905974039, 99.92724232927556, 99.92724232927556, 99.83471888737266, 95.20830089134546, 99.46458629330606, 99.64965906141518, 99.18701596759728, 99.55712267736061]",,9.0,94.68396112275715,"[83.734759929953, 91.04451304698453, 97.52150341828325, 96.87380049850788, 87.52844106455058, 98.7243728737794, 99.27952646734857, 99.74216956116648, 97.70656324424071]",99.83471889,9.0,91.33238676339651,"[65.96932724967418, 94.00543143584929, 73.18654398265117, 98.7243728737794, 98.63184943187647, 98.44678960591897, 95.20830089134546, 98.90943269973688, 98.90943269973688]",99.0019432,9.0,66.84320577307427,"[65.59921406883504, 66.43197034349207, 62.08313561532529, 71.70609125929461, 75.96237666125522, 78.55318834035666, 64.85898770715679, 60.23256971112958, 56.16131825082322]",54.77339544,1.0,,[],0.459232766,10.0,75.80509328109603,"[55.236038534263265, 65.50668415585632, 73.37160380860867, 77.44282938461178, 83.36466616234128, 74.66699670600772, 82.71696324256594, 76.33250925532178, 87.89854777431391, 81.51409378706977]",81.51409379,9.0,70.18450190702652,"[50.332024328224065, 62.175665528304044, 75.12963979982563, 74.38941343814736, 79.84856829560411, 72.81641138858458, 69.85551888402308, 73.5566377502629, 73.5566377502629]",61.9906057,10.0,72.76090767716416,"[57.73430088715852, 67.35725653112783, 76.42501975507311, 82.90202306852343, 62.54577870914317, 82.99453356827473, 65.69174398181379, 81.23651051920938, 69.85551888402308, 80.86639086729441]",75.68480634,10.0,71.40073866381928,"[64.30380822928434, 67.44977997303076, 76.88767579104261, 71.15091178142218, 78.92329505011998, 82.53189047445684, 65.69174398181379, 67.72736971196697, 73.09400759859663, 66.2469040464588]",61.15784296,10.0,68.30103964185321,"[52.83029962327094, 68.46759607364525, 66.89461343730996, 70.87331557141016, 71.33595866522803, 70.68828162975593, 64.3963446133389, 71.79861470119752, 75.77732977744938, 69.94804232592602]",64.21129126,9.0,63.327127319564525,"[53.47798960089468, 65.22910088799591, 61.342909253647015, 71.52103143333714, 58.56705716181554, 59.21474713943928, 63.28600507082146, 75.3146996257831, 61.99060570234657]",59.58487326,11.0,65.6732360578953,"[49.96191114738491, 72.35378123691832, 63.65611825166061, 62.54577870914317, 65.96932724967418, 66.43197034349207, 66.61701722729792, 74.57447326410482, 64.3963446133389, 70.22563853593803]",,10.0,68.27328196217476,"[49.22168478570665, 61.527969079604496, 70.31816197784096, 79.10834193392584, 65.50668415585632, 75.3146996257831, 66.61701722729792, 62.73082559294904, 73.92677034432946, 78.46066489845371]",69.39286932
PG22,1.0,61.018519931369354,[61.018519931369354],59.16666808,5.0,61.61111195882162,"[50.370371783221216, 57.77777919062862, 71.6666680795175, 57.96296155011213, 70.27777919062862]",56.57407266,3.0,60.154321458604606,"[50.0, 60.64814814814815, 69.81481622766566]",62.22222646,2.0,58.14815097384983,"[51.20370652940538, 65.09259541829428]",64.07407831,6.0,69.02778060347946,"[51.57407831262659, 68.61110969826028, 71.75925925925925, 72.03703986273872, 63.240743566442426, 86.94445292154948]",68.98148148,2.0,61.11111111111111,"[50.0, 72.22222222222221]",66.01852134,2.0,55.787040569164134,"[49.25926349781178, 62.314817640516495]",63.70370653,2.0,59.62963104248047,"[50.555554142704715, 68.70370794225622]",64.35185185,2.0,57.12963033605505,"[48.70370229085286, 65.55555838125724]",69.99999859,4.0,62.0138892421016,"[51.85185185185185, 68.14814673529732, 55.740744979293254, 72.31481340196397]",66.01852134,8.0,66.13426031889739,"[52.12963245533131, 63.518517105667684, 65.00000423855252, 72.59259400544343, 76.7592606721101, 76.38888888888889, 64.35185185185185, 58.333333333333336]",63.61111535,8.0,63.46064938439263,"[49.53703703703704, 62.96296296296296, 68.88889030173972, 64.44444303159361, 74.25926349781177, 61.018519931369354, 59.90741164595993, 66.66666666666666]",47.96296579,2.0,52.31481481481482,[52.31481481481482],51.85185185,3.0,60.771605409221884,"[49.53703703703704, 60.64814814814815, 72.12963104248047]",58.7962963,3.0,59.41358260166498,"[50.64815238670066, 57.870370370370374, 69.7222250479239]",62.31481764,2.0,49.62962821677879,[49.62962821677879],63.98148007,2.0,56.34259471186885,"[50.64815238670066, 62.03703703703704]",60.92592875,6.0,57.81481707537616,"[52.50000423855252, 61.20370229085287, 49.074074074074076, 67.77778201633029, 58.51852275707103]",57.22222505,2.0,57.91666596024125,"[54.72222080937138, 61.111111111111114]",61.48148289,1.0,58.981485720034,[58.981485720034],58.51852276
PG23,10.0,79.71296592994973,"[51.9444430315936, 61.29630053484881, 76.38888888888889, 50.83333474618418, 87.3148176405165, 93.61111676251447, 96.48147865577981, 98.0555640326606, 84.1666751437717, 97.03703986273872]",97.50000283,6.0,73.34876825780044,"[53.05555838125723, 68.61110969826028, 50.555554142704715, 81.57407972547743, 91.57408255117912, 94.7222250479239]",89.35185185,8.0,77.93981852354827,"[52.03704127558956, 66.48148430718315, 78.98148430718315, 49.074074074074076, 87.59259824399595, 93.79629912199798, 97.59260106969762, 97.96296578866463]",96.94444162,9.0,78.07613419897761,"[50.92592592592593, 62.77778060347945, 75.18518942373771, 84.3518575032552, 90.09259541829427, 50.83333474618418, 93.5185185185185, 97.22222222222221, 97.77778342918113]",97.96296579,10.0,78.4259287516276,"[49.444445857295285, 67.03703844988787, 80.83333615903501, 87.12963528103299, 55.462964375813804, 90.09259541829427, 95.92593157732928, 65.46296720151548, 96.57407689977575, 96.2962962962963]",99.35185468,5.0,63.722223352502894,"[52.31481481481482, 63.79629770914713, 51.759260672110095, 63.42592592592593, 87.3148176405165]",96.48147866,1.0,51.57407831262659,[51.57407831262659],74.62962822,5.0,80.9444484004268,"[51.20370652940538, 79.44444727014613, 83.6111139368128, 93.14815379955151, 97.31482046621818]",77.40740599,2.0,52.31481481481482,[52.31481481481482],52.9629672,9.0,76.79012518360781,"[50.09259117974175, 66.29629488344546, 50.1851894237377, 80.0925925925926, 87.40741588451245, 95.83333333333333, 67.12962962962963, 96.57407689977575, 97.50000282570169]",99.16667232,10.0,67.31481693409107,"[51.85185185185185, 63.240743566442426, 51.759260672110095, 72.31481340196397, 80.00000847710503, 86.20370935510707, 62.03703703703704, 63.79629770914713, 61.85185467755353, 80.0925925925926]",72.3148134,1.0,50.46296296296296,[50.46296296296296],49.81481764,5.0,73.40740768997757,"[51.57407831262659, 61.944445857295285, 72.77777636492694, 88.42592592592592, 92.31481198911314]",91.01852134,7.0,66.74382716049384,"[51.57407831262659, 77.22222363507306, 79.81481198911314, 51.9444430315936, 60.740739327889905, 79.16666666666667]",70.55555979,2.0,52.40740599455657,[52.40740599455657],57.77777919,6.0,65.12963047734013,"[50.83333474618418, 62.22222646077474, 73.61111111111111, 51.759260672110095, 87.22221939652056]",81.38889737,9.0,71.83127697603203,"[50.92592592592593, 65.74074074074075, 50.09259117974175, 61.481482894332316, 78.8888931274414, 87.12963528103299, 59.44444868299696, 94.62962680392795, 98.14814814814814]",88.33334181,9.0,65.81275845751351,"[50.0, 65.74074074074075, 49.90740882025825, 75.46296296296296, 61.29630053484881, 48.70370229085286, 78.3333319204825, 95.92593157732928, 66.94444727014613]",79.07407549,11.0,65.31481636895072,"[52.12963245533131, 59.44444868299696, 50.0, 59.25925925925925, 67.12962962962963, 69.35185326470268, 80.2777749520761, 81.57407972547743, 82.68518801088686, 51.29629770914713]",,6.0,68.7345693140854,"[50.83333474618418, 60.64814814814815, 73.05555696840639, 88.24074356644243, 49.35185467755353, 90.27777777777779]",86.11111111
PG24,5.0,47.240741871021406,"[15.277777777777779, 27.12963245533131, 57.49999858714916, 56.20370794225622, 80.0925925925926]",74.62962822,6.0,47.20679212499548,"[19.7222215157968, 22.314813401963974, 30.09259259259259, 51.11111534966363, 73.05555696840639, 86.94445292154948]",80.46297144,5.0,46.12962934705946,"[16.57407548692491, 25.092591179741753, 56.018518518518526, 55.55555555555556, 77.40740599455657]",89.90741306,4.0,49.46759453526249,"[15.46296366938838, 40.092595418294266, 58.51852275707103, 83.7962962962963]",85.00000283,5.0,50.07407506306966,"[20.185184478759766, 24.72222646077474, 55.092592592592595, 74.44444585729528, 75.92592592592592]",85.27778343,5.0,44.907407407407405,"[25.092591179741753, 29.537038449887877, 34.72222222222222, 60.277776364926936, 74.90740882025825]",84.62963811,4.0,54.8842606721101,"[24.907408820258247, 40.185186598036026, 69.7222250479239, 84.72222222222221]",84.81482047,4.0,54.79166949236834,"[24.907408820258247, 40.555558381257235, 68.70370794225622, 85.00000282570169]",85.46296579,4.0,57.45370476334183,"[24.907408820258247, 50.09259117974175, 69.81481622766566, 85.00000282570169]",89.62963246,5.0,50.074075769495074,"[26.018517105667684, 41.296294883445455, 31.759262084960938, 66.01852134422019, 85.27778342918113]",89.7222307,6.0,46.58950817437819,"[14.537037743462456, 29.814819053367337, 29.25925784640842, 45.83333333333333, 72.22222222222221, 87.87037884747541]",80.00000848,5.0,49.94444741143121,"[12.685185891610606, 29.444447270146124, 67.40741023310909, 60.000002825701685, 80.18519083658855]",89.99999717,4.0,51.82870493994819,"[16.94444373801903, 39.62963245533131, 70.18518801088686, 80.55555555555556]",89.7222307,6.0,53.734570373723535,"[20.00000211927626, 30.370373196072048, 68.88889030173972, 67.77778201633029, 50.1851894237377, 85.18518518518519]",97.59260107,4.0,53.91204003934507,"[20.092593299018013, 39.90740599455657, 65.46296720151548, 90.18519366229022]",90.64815663,5.0,56.055555696840635,"[11.38888818246347, 34.72222222222222, 69.9074074074074, 70.92592451307509, 93.33333615903501]",96.11111394,8.0,56.863428045202184,"[21.851850439001012, 46.2962962962963, 43.98148148148148, 49.722226460774735, 61.111111111111114, 70.18518801088686, 69.25926208496094, 92.50000847710503]",94.25926208,8.0,55.034723105253995,"[13.88888888888889, 38.518517105667684, 48.98148289433232, 70.83333333333334, 56.94444444444444, 50.1851894237377, 70.64815097384982, 90.27777777777779]",91.94444727,10.0,52.222224341498475,"[20.74074215359158, 33.14815097384983, 47.68518518518518, 50.370371783221216, 60.46296578866463, 49.814817640516495, 61.944445857295285, 49.62962821677879, 62.40740882025825, 86.01852699562356]",85.37036754,4.0,52.29166790291115,"[15.925926632351345, 34.16666807951751, 70.64815097384982, 88.42592592592592]",95.18518801
PG25,7.0,45.0925938036076,"[9.444445150869862, 18.240741447166158, 27.685186598036026, 23.888891714590564, 62.129628216778784, 75.18518942373771, 99.07407407407408]",96.8518575,8.0,37.87037134170532,"[15.740740740740739, 16.296298415572558, 24.444445857295282, 24.25926349781178, 39.44444303159361, 53.703703703703695, 62.40740882025825, 66.66666666666666]",83.05555273,7.0,42.79100630018446,"[13.88888888888889, 24.16666525381583, 31.574072661223234, 44.5370356241862, 41.85185609040437, 61.944445857295285, 81.57407972547743]",86.85185468,8.0,56.88657628165351,"[14.629628923204208, 25.462962962962965, 29.35185609040437, 48.98148289433232, 86.38889171459057, 65.64814956099897, 85.27778342918113, 99.35185467755353]",97.22222222,7.0,38.25396885947576,"[6.296295589870876, 12.314814108389394, 33.14815097384983, 47.314813401963974, 42.870373196072045, 55.092592592592595, 70.74074215359158]",89.16666949,9.0,50.401233939967526,"[9.259259259259261, 25.92592592592593, 34.35185043900101, 34.814813401963974, 52.77777777777778, 66.75925784640842, 68.79629912199798, 79.25925784640842, 81.66666384096499]",96.94444162,7.0,43.809525424210484,"[11.666668785942925, 17.22222434149848, 27.500004238552517, 50.0, 57.77777919062862, 70.46296155011213, 72.03703986273872]",89.81481481,7.0,46.6666680795175,"[22.77777636492694, 22.314813401963974, 36.85185467755353, 44.907407407407405, 53.51852134422019, 62.22222646077474, 84.07407689977575]",95.55555273,9.0,45.54526992295504,"[12.870371783221207, 20.092593299018013, 35.000002825701685, 34.25925925925925, 38.61111534966363, 40.74074074074075, 68.42592733877677, 73.4259287516276, 86.48148995858651]",89.99999717,8.0,38.29861305378101,"[8.518519224943939, 17.407406700981987, 23.33333757188585, 34.44444868299696, 42.592592592592595, 51.57407831262659, 52.59259541829427, 75.92592592592592]",84.62963811,10.0,30.81481509738498,"[3.8888895953143097, 10.925925219500504, 15.833335452609592, 19.259258552833842, 36.20370229085287, 38.33333474618417, 51.9444430315936, 47.22222222222222, 35.64814814814815, 48.888891714590564]",49.44444586,10.0,28.250000918353045,"[3.9814807750560623, 7.592593299018013, 7.500002119276261, 14.537037743462456, 10.925925219500504, 14.351851851851855, 31.296299121997972, 37.685189423737704, 56.296299121997976, 98.33333050763166]",98.33333051,10.0,44.9444470582185,"[5.740741447166159, 11.203705822979964, 14.074074780499496, 35.46296578866464, 61.29630053484881, 52.59259541829427, 67.96296437581381, 66.2037037037037, 53.51852134422019, 81.38889736599393]",63.33333475,10.0,14.083334251686377,"[5.4629643758138, 16.203703703703702, 15.740740740740739, 13.51852063779478, 19.814816227665656, 19.444444444444443, 11.203705822979964, 14.444446563720703, 12.5, 12.5]",41.66666667,10.0,38.06481643959328,"[1.3888888888888895, 4.629629629629628, 10.370371076795792, 28.240740740740744, 35.9259287516276, 49.25926349781178, 49.35185467755353, 55.462964375813804, 63.14815238670066, 82.87037037037037]",85.27778343,10.0,26.12037093551071,"[3.796298415572558, 10.092594005443434, 17.7777784842032, 27.314814814814813, 26.018517105667684, 25.462962962962965, 27.22222363507306, 34.537039862738716, 40.74074074074075, 48.240739327889905]",23.70370229,10.0,15.638889736599396,"[2.870372489646628, 10.370371076795792, 10.555556968406393, 10.462962256537544, 8.148147441722731, 17.314815521240234, 14.074074780499496, 19.814816227665656, 28.796294883445462, 33.981485720034]",34.62963104,10.0,20.398149137143736,"[5.648150267424406, 5.185187304461442, 7.4074074074074066, 13.055557674831814, 12.962962962962965, 10.648148148148145, 12.685185891610606, 64.2592606721101, 57.77777919062862, 14.351851851851855]",14.53703774,11.0,10.120371006153249,"[5.833332626907911, 5.4629643758138, 7.777779190628614, 6.85185326470269, 12.407408820258247, 12.222222928647641, 11.851851145426433, 10.185185185185187, 12.314814108389394, 16.296298415572558]",,10.0,33.28703844988788,"[6.759258552833841, 9.166668079517503, 9.53703633061162, 52.12963245533131, 37.870371783221216, 52.50000423855252, 48.888891714590564, 29.629629629629626, 30.277782016330296, 56.11110969826028]",53.33333192
PG26,7.0,42.03703844988787,"[13.51852063779478, 16.38888959531431, 31.944444444444443, 40.185186598036026, 56.20370794225622, 62.59259117974175, 73.4259287516276]",75.64815239,6.0,32.33024809095595,"[0.37037178322120723, 17.037038449887877, 22.407411645959925, 38.055554142704715, 51.018517105667684, 65.09259541829428]",70.18518801,6.0,43.64197577959226,"[10.185185185185187, 23.518519931369358, 40.555558381257235, 42.22222080937138, 62.5, 82.87037037037037]",78.88889313,5.0,31.6296316076208,"[0.0925947118688486, 5.2777784842032, 25.462962962962965, 58.611113936812785, 68.70370794225622]",74.07407407,6.0,40.33950640831464,"[19.7222215157968, 15.925926632351345, 36.01851993136936, 47.59259400544343, 48.14814814814815, 74.62962821677878]",84.72222222,6.0,42.469137097582404,"[3.796298415572558, 25.370371783221213, 29.166666666666664, 45.92592451307509, 61.85185467755353, 88.70370652940538]",86.75925643,3.0,27.74691522857289,"[2.5925918861671726, 23.425928751627605, 57.2222250479239]",55.18518377,4.0,38.009261201929164,"[0.0925947118688486, 23.796300534848815, 53.703703703703695, 74.44444585729528]",76.57407831,3.0,34.53703868536302,"[0.0925947118688486, 35.64814814814815, 67.87037319607205]",92.68519084,4.0,33.40277936723497,"[5.648150267424406, 31.85185326470269, 36.01851993136936, 60.09259400544343]",86.85185468,10.0,41.85185361791541,"[0.7407400343153236, 19.35185326470269, 28.42593016447844, 35.37037460892289, 49.16666525381583, 59.72222222222222, 62.314817640516495, 65.64814956099897, 41.57407548692491, 56.20370794225622]",58.05555979,7.0,30.767197583718275,"[1.2037029972782831, 9.53703633061162, 23.888891714590564, 29.90741023310909, 43.333336159035014, 42.9629643758138, 64.53704127558956]",64.35185185,7.0,39.933864654056606,"[0.5555576748318136, 15.925926632351345, 32.77777919062862, 41.48148430718316, 59.537039862738716, 58.05555979410807, 71.20370511655454]",69.81481623,10.0,32.72222271672002,"[1.2037029972782831, 10.648148148148145, 20.462961550112123, 23.425928751627605, 30.185183772334344, 45.370370370370374, 49.074074074074076, 46.94444868299696, 49.35185467755353, 50.555554142704715]",51.01851711,8.0,39.942131219086825,"[0.1851858916106064, 14.444446563720703, 31.759262084960938, 46.203705116554545, 43.425927338776766, 56.38889030173972, 54.81481905336734, 72.31481340196397]",79.62962963,10.0,51.72222384700069,"[0.0925947118688486, 29.166666666666664, 49.62962821677879, 48.51851993136936, 63.518517105667684, 60.18518518518518, 63.70370652940538, 42.40741023310909, 76.7592606721101, 83.24074921784577]",84.62963811,6.0,26.141976132804967,"[1.8518518518518545, 15.555554849130138, 25.092591179741753, 31.01851851851852, 29.814819053367337, 53.51852134422019]",56.1111097,10.0,34.74999992935746,"[0.462962962962965, 20.185184478759766, 23.055556968406393, 40.64814956099899, 34.72222222222222, 36.66666525381583, 22.22222222222222, 56.57407266122323, 60.18518518518518, 52.77777777777778]",50.92592593,11.0,31.342594005443438,"[3.148149560998986, 11.759259965684677, 15.648149560998986, 8.518519224943939, 30.09259259259259, 14.722223635073062, 49.16666525381583, 48.79630053484881, 57.129633868182154, 74.44444585729528]",,10.0,47.361113936812785,"[4.537038449887875, 21.944448682996963, 38.61111534966363, 46.2962962962963, 44.81481622766565, 56.296299121997976, 56.018518518518526, 53.888893127441406, 68.88889030173972, 82.31482329191985]",76.75926067
PG27,6.0,54.85050208349204,"[5.825883594707143, 29.51314981717757, 49.68433435060033, 67.26472661814908, 81.88421343898472, 94.93070468133342]",93.35772852,5.0,44.354699369656025,"[4.067844367952267, 27.477524087024385, 46.260785810069315, 69.48540570318393, 74.48193688005026]",91.22955993,5.0,59.51084933204705,"[16.281592277795575, 43.94757681205573, 63.28600507082146, 79.57099796989533, 94.46807452966718]",92.71001265,5.0,54.08868443812402,"[17.76204500115215, 32.38151887983616, 46.35330925197223, 79.20089126013198, 94.74565779752758]",89.47153688,6.0,65.50668631288158,"[27.107410906185237, 17.206865523279717, 62.638308622121905, 94.83818123943051, 96.50369378874456, 94.74565779752758]",96.96633688,4.0,61.71302243448615,"[18.40974144985168, 55.883728511887, 76.33250925532178, 96.22611052088415]",98.44678961,6.0,70.7345379581442,"[29.235553607165542, 55.05097223722999, 84.56753561783744, 87.99108415836848, 70.68828162975593, 96.87380049850788]",98.72437287,3.0,70.00973540565433,"[31.826358815191156, 82.90202306852343, 95.30082433324839]",82.06926032,4.0,75.63854137905707,"[30.438423062661712, 86.78821470287232, 89.84164359148838, 95.48588415920585]",94.65310847,2.0,30.253376178855852,[30.253376178855852],91.13704943,7.0,69.73655370192922,"[61.89808226044362, 71.52103143333714, 52.92282953624967, 52.367650058377244, 74.38941343814736, 87.43591762264768, 87.62095156430189]",71.70609126,7.0,69.10207488778724,"[41.17172472022425, 51.812483522656436, 55.421085418069126, 66.52450025647082, 90.21176324340333, 82.3468565328026, 96.22611052088415]",94.09795488,5.0,71.09539512785011,"[30.80853624350085, 60.695212804947474, 80.7738674253915, 88.5462506940893, 94.65310847132143]",75.40722307,9.0,70.00587999261353,"[31.086132453512878, 65.69174398181379, 77.99802180463583, 71.98367452715502, 60.787729775774594, 80.68134398348855, 78.27560507249625, 93.5427883420314]",79.47847453,4.0,65.29849023388519,"[55.79119859890827, 35.80507389144297, 78.83077160821705, 90.76691683697251]",74.20435361,5.0,83.9753493516342,"[75.03710341577109, 87.2508577966902, 85.77040507333362, 87.806024332411, 84.01235613996502]",87.71350089,8.0,90.72066644040372,"[86.2330481671515, 92.71001265414698, 90.58188289531826, 93.72783522583727, 91.04451304698453, 94.93070468133342, 85.58534524737615, 90.95198960508162]",78.92329505,4.0,61.82868320794063,"[42.18952787868713, 43.94757681205573, 75.12963979982563, 86.04798834119403]",85.40027248,7.0,89.10141907868888,"[77.72042559462382, 90.67440633722119, 91.59969252485695, 89.00889378790716, 94.56059797157008, 89.84164359148838, 90.30427374315464]",83.17960634,4.0,79.45534043197875,"[69.85551888402308, 78.18306868844167, 85.49282180547321, 84.28995234997706]",69.94804233
PG28,7.0,27.156085059756325,"[2.1296289232042076, 11.666668785942925, 20.648150973849827, 22.314813401963974, 31.111109698260275, 41.66666666666667, 60.5555569684064]",85.92592875,4.0,20.949074074074073,"[3.0555548491301376, 8.055556261980973, 12.5, 60.18518518518518]",76.85185185,3.0,11.203703468228563,"[2.6851865980360268, 10.462962256537544, 20.462961550112123]",80.46297144,4.0,30.601852911489978,"[2.0370377434624554, 17.68518730446144, 42.22222080937138, 60.46296578866463]",91.94444727,4.0,21.574075133712206,"[2.5925918861671726, 16.481480775056063, 26.574078312626593, 40.64814956099899]",92.40741023,5.0,21.81481537995515,"[1.3888888888888895, 9.722222222222221, 18.425927338776766, 28.518521344220193, 51.018517105667684]",91.66666667,5.0,27.259260106969766,"[3.8888895953143097, 17.407406700981987, 29.814819053367337, 38.79629770914714, 46.38888747603805]",86.57407407,4.0,18.912037213643394,"[3.6111125239619515, 13.703702997278283, 26.018517105667684, 32.31481622766565]",92.03704551,3.0,22.993828337869527,"[2.2222236350730618, 19.16666737309209, 47.59259400544343]",94.81482329,4.0,23.217593299018013,"[3.8888895953143097, 15.925926632351345, 23.518519931369358, 49.53703703703704]",89.62963246,8.0,34.37500044151589,"[1.6666659602412481, 11.296297002721717, 17.870369663944953, 23.055556968406393, 32.96296155011213, 45.92592451307509, 58.796296296296305, 83.42593157732928]",80.46297144,4.0,15.74074074074074,"[3.2407407407407387, 9.999999293574579, 19.16666737309209, 30.555555555555557]",82.31482329,4.0,32.08333474618418,"[3.6111125239619515, 21.018522757071032, 45.27777919062862, 58.42592451307509]",89.81481481,6.0,38.91975438153302,"[3.518517812093097, 20.555559794108074, 32.31481622766565, 48.51851993136936, 54.72222080937138, 73.88889171459057]",91.85184903,3.0,13.117283950617283,"[2.0370377434624554, 10.925925219500504, 26.38888888888889]",91.11111959,3.0,23.05555814578209,"[3.3333354526095924, 21.018522757071032, 44.81481622766565]",89.35185185,5.0,26.222222646077476,"[5.2777784842032, 21.38888747603805, 30.555555555555557, 30.370373196072048, 43.51851851851852]",73.98148289,4.0,20.925925396106862,"[3.796298415572558, 20.462961550112123, 25.092591179741753, 34.35185043900101]",90.46296014,7.0,33.90211680578807,"[7.777779190628614, 17.037038449887877, 24.537037037037035, 33.70370511655454, 41.2037037037037, 50.46296296296296, 62.59259117974175]",81.20370088,3.0,10.462963433913242,"[2.5000007064254204, 10.555556968406393, 18.33333262690791]",92.03704551
PG32,3.0,67.65432004575376,"[49.62962821677879, 66.75925784640842, 86.57407407407408]",99.16667232,4.0,73.65741023310909,"[49.814817640516495, 70.74074215359158, 74.44444585729528, 99.62963528103299]",99.25925643,5.0,78.68518829345703,"[51.9444430315936, 49.35185467755353, 98.14814814814814, 95.27778625488281, 98.70370935510707]",99.35185468,3.0,67.71604985366633,"[53.24074074074075, 50.83333474618418, 99.07407407407408]",99.44445292,3.0,77.22222598982445,"[52.31481481481482, 80.18519083658855, 99.16667231807001]",99.62963528,4.0,74.67592733877677,"[50.46296296296296, 74.8148176405165, 73.88889171459057, 99.53703703703704]",99.90741588,3.0,74.78395391393592,"[50.74074356644241, 74.25926349781177, 99.35185467755353]",99.62963528,3.0,76.48148477813345,"[50.555554142704715, 79.44444727014613, 99.44445292154948]",99.44445292,3.0,75.33951041139203,"[50.277780603479464, 76.5740783126266, 99.16667231807001]",99.44445292,4.0,76.6435216974329,"[51.11111534966363, 77.87036895751953, 77.96296720151548, 99.62963528103299]",99.7222194,6.0,68.79629794462228,"[50.74074356644241, 61.388891714590564, 56.11110969826028, 67.50000141285084, 77.22222363507306, 99.8148176405165]",99.25925643,7.0,77.31481683317315,"[51.20370652940538, 60.9259287516276, 79.53703844988787, 72.77777636492694, 99.07407407407408, 78.51852134422019, 99.16667231807001]",90.27777778,5.0,75.22222448278357,"[49.35185467755353, 63.981480068630646, 75.55555414270472, 87.59259824399595, 99.62963528103299]",89.25926774,11.0,69.76851993136935,"[50.555554142704715, 57.870370370370374, 62.03703703703704, 65.74074074074075, 63.055554142704715, 75.18518942373771, 99.8148176405165, 87.40741588451245, 73.61111111111111, 62.40740882025825]",,7.0,79.10053010970827,"[48.98148289433232, 63.518517105667684, 76.48148006863065, 85.74074639214409, 82.87037037037037, 99.16667231807001, 96.94444161874276]",99.90741588,9.0,76.9958880703145,"[50.83333474618418, 60.64814814814815, 70.37037037037037, 86.48148995858651, 99.44445292154948, 86.38889171459057, 82.96296861436632, 70.83333333333334, 85.00000282570169]",71.01852276,9.0,65.45267772282102,"[50.64815238670066, 62.870371783221216, 60.37037460892288, 50.370371783221216, 54.166666666666664, 63.14815238670066, 69.9074074074074, 79.07407548692491, 98.51852699562356]",84.62963811,9.0,63.693418620545195,"[50.1851894237377, 61.481482894332316, 60.64814814814815, 68.70370794225622, 65.74074074074075, 57.129633868182154, 48.888891714590564, 60.5555569684064, 99.90741588451245]",87.12963528,9.0,59.557614110624826,"[50.74074356644241, 62.96296296296296, 62.03703703703704, 70.83333333333334, 66.75925784640842, 51.481480068630646, 58.611113936812785, 50.64815238670066, 61.944445857295285]",56.85185326,6.0,73.31790335384416,"[48.42592875162761, 51.85185185185185, 64.53704127558956, 80.74073791503906, 94.81482329191985, 99.53703703703704]",91.94444727
PG33,6.0,50.385803646511505,"[51.20370652940538, 49.444445857295285, 50.92592592592593, 50.555554142704715, 50.0, 50.1851894237377]",77.50000424,6.0,50.10802657515914,"[48.79630053484881, 50.555554142704715, 50.92592592592593, 49.722226460774735, 49.90740882025825, 50.74074356644241]",69.72222505,8.0,50.77546349278202,"[51.481480068630646, 49.90740882025825, 50.0, 50.09259117974175, 49.90740882025825, 50.92592592592593, 52.222223635073064, 51.66666949236834]",91.29630195,5.0,66.85185326470268,"[51.11111534966363, 51.018517105667684, 61.944445857295285, 73.61111111111111, 96.57407689977575]",89.7222307,6.0,71.04938530627592,"[49.722226460774735, 60.64814814814815, 69.62963386818215, 82.87037037037037, 73.79630053484881, 89.6296324553313]",84.3518575,8.0,73.71528060347946,"[50.1851894237377, 58.611113936812785, 62.68518942373771, 71.20370511655454, 79.07407548692491, 87.03703703703704, 84.25925925925925, 96.6666751437717]",94.81482329,5.0,66.44444642243562,"[50.92592592592593, 50.277780603479464, 67.77778201633029, 72.96296578866463, 90.27777777777779]",93.1481538,5.0,71.09259711371529,"[52.59259541829427, 49.25926349781178, 72.40741164595991, 86.20370935510707, 95.00000565140337]",88.24074357,7.0,70.80687871054998,"[52.31481481481482, 55.83333615903501, 61.666665253815836, 72.68518518518519, 79.35185609040437, 83.98147865577981, 89.81481481481481]",88.42592593,6.0,66.15741046858422,"[51.11111534966363, 47.68518518518518, 58.51852275707103, 69.25926208496094, 77.50000423855252, 92.87037319607205]",88.70370653,7.0,55.132276545125976,"[51.018517105667684, 49.62962821677879, 50.74074356644241, 50.83333474618418, 50.0, 53.51852134422019, 80.18519083658855]",91.94444727,7.0,63.17460499112568,"[49.35185467755353, 51.759260672110095, 69.9074074074074, 60.9259287516276, 68.79629912199798, 67.87037319607205, 73.61111111111111]",82.03704269,5.0,56.53703760217737,"[50.277780603479464, 51.85185185185185, 53.33333192048249, 59.537039862738716, 67.68518377233434]",89.07407125,7.0,61.70635021552838,"[51.66666949236834, 61.57407407407407, 62.96296296296296, 62.129628216778784, 60.83333757188585, 59.72222222222222, 73.05555696840639]",84.90740458,9.0,58.64197766339338,"[51.85185185185185, 50.83333474618418, 51.20370652940538, 52.962967201515475, 57.49999858714916, 63.240743566442426, 64.53704127558956, 64.53704127558956, 71.11111393681279]",88.61110829,10.0,53.37037263093172,"[52.962967201515475, 51.481480068630646, 51.29629770914713, 51.388888888888886, 52.50000423855252, 52.50000423855252, 52.12963245533131, 52.50000423855252, 52.87036895751953, 64.0740783126266]",53.42593016,8.0,52.26852010797571,"[49.90740882025825, 51.57407831262659, 51.9444430315936, 52.50000423855252, 50.0, 53.51852134422019, 53.79629488344546, 54.90741023310909]",64.35185185,10.0,66.32407506306967,"[54.166666666666664, 59.62963104248047, 58.333333333333336, 66.48148430718315, 59.537039862738716, 59.16666807951751, 61.111111111111114, 69.07407266122323, 83.14815097384982, 92.5925925925926]",81.66666384,10.0,64.27777961448388,"[50.370371783221216, 50.83333474618418, 58.14815097384982, 59.074076899775754, 60.09259400544343, 60.5555569684064, 64.53704127558956, 65.55555838125724, 75.0, 98.61111111111111]",94.6296268,9.0,54.90740866327482,"[49.90740882025825, 51.481480068630646, 51.018517105667684, 49.53703703703704, 51.759260672110095, 50.555554142704715, 51.57407831262659, 50.74074356644241, 87.59259824399595]",93.70370088
PG34,6.0,34.41358201297712,"[0.0, 7.96296508223922, 26.851851851851848, 29.35185609040437, 57.96296155011213, 84.3518575032552]",81.66666384,6.0,34.8611119352741,"[0.0, 11.759259965684677, 16.57407548692491, 41.66666666666667, 58.14815097384982, 81.0185185185185]",86.29629347,6.0,39.891976486017676,"[0.0, 10.648148148148145, 39.62963245533131, 41.48148430718316, 63.055554142704715, 84.53703986273872]",84.25925926,5.0,43.055556261980975,"[0.0, 14.537037743462456, 42.870373196072045, 67.5925925925926, 90.27777777777779]",88.33334181,3.0,16.296298415572554,"[0.0, 32.59259683114511]",59.16666808,6.0,43.28703939178843,"[0.0, 40.092595418294266, 29.90741023310909, 47.50000282570168, 56.481481481481474, 85.74074639214409]",77.9629672,6.0,35.95679306689604,"[0.462962962962965, 6.203704410129124, 31.85185326470269, 36.85185467755353, 55.740744979293254, 84.62963810673467]",83.70371218,5.0,34.92592846905744,"[0.37037178322120723, 10.092594005443434, 31.20370794225622, 49.53703703703704, 83.42593157732928]",91.01852134,6.0,44.089506879264924,"[0.0, 31.111109698260275, 39.90740599455657, 46.75925925925926, 52.685186598036026, 94.07407972547743]",86.57407407,6.0,38.688272900051544,"[0.6481488545735659, 22.592594005443434, 27.500004238552517, 35.09259400544343, 60.000002825701685, 86.29629347059462]",85.46296579,5.0,33.07407591078017,"[0.1851858916106064, 5.9259273387767655, 14.259260672110097, 57.407407407407405, 87.59259824399595]",80.9259344,5.0,35.64814956099899,"[0.27777707135235863, 10.370371076795792, 27.87036895751953, 55.092592592592595, 84.62963810673467]",77.50000424,5.0,46.7592606721101,"[0.0, 21.38888747603805, 53.33333192048249, 75.37037178322122, 83.70371218080874]",79.90741023,7.0,44.933864048549104,"[0.37037178322120723, 21.481485720033998, 38.055554142704715, 44.44444444444444, 51.759260672110095, 71.2962962962963, 87.12963528103299]",76.38888889,5.0,33.98148360075774,"[0.5555576748318136, 15.277777777777779, 32.68518801088687, 51.20370652940538, 70.18518801088686]",78.51852134,11.0,51.16666793823242,"[0.27777707135235863, 15.370372489646627, 32.037035624186196, 50.74074356644241, 69.25926208496094, 79.16666666666667, 75.74074356644243, 58.14815097384982, 56.57407266122323, 74.35185467755353]",,8.0,35.127316580878365,"[0.7407400343153236, 7.037039156313297, 22.037039862738716, 23.981482894332323, 30.462964375813804, 46.66666807951751, 62.96296296296296, 87.12963528103299]",81.48148148,8.0,33.17129876878526,"[0.0925947118688486, 15.185186598036026, 24.72222646077474, 30.925927338776766, 9.999999293574579, 48.33333757188585, 55.740744979293254, 80.37037319607205]",79.81481199,9.0,40.39094752244989,"[0.1851858916106064, 10.462962256537544, 9.444445150869862, 37.96296296296296, 46.111113936812785, 58.333333333333336, 72.96296578866463, 55.37037319607205, 72.68518518518519]",68.79629912,6.0,28.78086596359441,"[0.5555576748318136, 11.481482894332323, 21.851850439001012, 35.46296578866464, 47.87037460892289, 55.462964375813804]",84.25925926
PG35,9.0,36.08024856190623,"[9.814816934091075, 11.944445857295282, 17.9629643758138, 20.370370370370374, 40.00000423855251, 50.1851894237377, 50.370371783221216, 59.62963104248047, 64.44444303159361]",80.09259259,9.0,37.62345765353231,"[9.907408113832828, 14.814814814814813, 16.203703703703702, 18.055555555555557, 32.870370370370374, 50.46296296296296, 65.09259541829428, 59.90741164595993, 71.2962962962963]",68.42592734,7.0,31.97089957181739,"[6.296295589870876, 11.574074074074076, 39.90740599455657, 35.18518518518518, 37.40740882025825, 41.94444727014612, 51.481480068630646]",80.3703732,7.0,52.12963245533131,"[20.277779190628614, 34.16666807951751, 40.37036895751953, 52.222223635073064, 74.25926349781177, 63.61111534966363, 80.00000847710503]",85.46296579,9.0,50.2674899474093,"[13.703702997278283, 22.77777636492694, 41.11111252396195, 38.61111534966363, 36.29630053484881, 68.61110969826028, 73.14814814814815, 72.31481340196397, 85.83333050763166]",89.99999717,9.0,42.016461454791795,"[9.259259259259261, 18.796295589870876, 27.12963245533131, 29.90741023310909, 36.944445857295285, 54.07407548692491, 52.40740599455657, 70.46296155011213, 79.16666666666667]",85.18518519,10.0,43.34259351094564,"[7.870370370370372, 16.94444373801903, 29.629629629629626, 28.796294883445462, 33.42592451307509, 36.11111111111111, 51.20370652940538, 66.2037037037037, 74.72222646077475, 88.51852416992188]",91.48148431,7.0,41.759259360177175,"[5.740741447166159, 15.648149560998986, 24.629628216778794, 42.22222080937138, 64.2592606721101, 63.518517105667684, 76.29629770914714]",79.72222787,6.0,30.987655969313632,"[4.444443738019027, 16.38888959531431, 23.518519931369358, 45.09259683114511, 48.98148289433232, 47.50000282570168]",94.6296268,1.0,13.055557674831814,[13.055557674831814],19.62963034,10.0,36.277779473198784,"[10.277779897054035, 14.444446563720703, 22.22222222222222, 30.09259259259259, 36.11111111111111, 49.90740882025825, 56.666670905219185, 49.814817640516495, 41.11111252396195, 52.12963245533131]",60.37037461,10.0,33.70370476334183,"[5.9259273387767655, 11.851851145426433, 25.277780603479457, 26.666669492368346, 36.01851993136936, 43.333336159035014, 48.14814814814815, 36.57407407407407, 42.50000141285084, 60.740739327889905]",61.57407407,6.0,19.537037978937597,"[8.24074215359158, 12.685185891610606, 15.000000706425421, 17.500001412850843, 33.240742153591576, 30.555555555555557]",59.8148134,10.0,27.05555703904894,"[9.999999293574579, 12.407408820258247, 23.518519931369358, 15.185186598036026, 21.57407689977575, 26.759260672110095, 38.055554142704715, 35.37037460892289, 37.40740882025825, 50.277780603479464]",48.24073933,6.0,32.06790347158173,"[6.85185326470269, 20.833333333333332, 18.240741447166158, 21.481485720033998, 47.96296578866464, 77.03704127558954]",78.61111252,10.0,33.768518942373774,"[8.148147441722731, 10.740742860016999, 30.64814673529731, 26.20370652940538, 30.555555555555557, 30.462964375813804, 33.333333333333336, 51.388888888888886, 53.703703703703695, 62.5]",56.3888903,7.0,24.55026535760789,"[7.685184478759766, 9.999999293574579, 22.037039862738716, 25.370371783221213, 31.111109698260275, 37.870371783221216, 37.77778060347946]",65.55555838,7.0,32.72486792670356,"[4.074075486924911, 14.351851851851855, 20.462961550112123, 36.11111111111111, 38.425925925925924, 43.796299121997976, 71.85185043900103]",70.64815097,9.0,31.224280620308075,"[10.833334039758752, 19.259258552833842, 31.296299121997972, 28.240740740740744, 27.962967201515475, 36.20370229085287, 39.16666949236834, 37.59259117974175, 50.46296296296296]",59.44444868,9.0,30.987656754230766,"[5.740741447166159, 20.462961550112123, 30.277782016330296, 29.35185609040437, 33.240742153591576, 39.07407831262659, 39.62963245533131, 40.555558381257235, 40.555558381257235]",65.09259542
PG36,1.0,15.370372489646627,[15.370372489646627],14.81481481,4.0,91.08797002721715,"[84.3518575032552, 94.81482329191985, 88.33334181043837, 96.8518575032552]",95.18518801,3.0,92.7469135802469,"[84.72222222222221, 95.55555272985387, 97.96296578866463]",96.8518575,4.0,94.3287072358308,"[85.27778342918113, 95.83333333333333, 97.12963810673467, 99.07407407407408]",98.70370936,2.0,85.3703675446687,[85.3703675446687],93.88889737,2.0,84.53703986273872,[84.53703986273872],92.22222787,5.0,93.33333615903501,"[84.53703986273872, 94.9074074074074, 98.51852699562356, 95.37037037037037]",90.64815663,4.0,93.24074497929325,"[85.3703675446687, 91.75926491066262, 97.77778342918113, 98.0555640326606]",97.31482047,6.0,95.30864291720921,"[81.94444444444444, 96.1111139368128, 99.07407407407408, 99.25925643355757, 96.57407689977575, 98.88889171459057]",97.96296579,9.0,93.90946847421152,"[85.3703675446687, 96.48147865577981, 87.59259824399595, 93.05555555555556, 95.27778625488281, 97.12963810673467, 94.35186032895689, 97.40740458170573, 98.51852699562356]",98.88889171,11.0,68.12037079422562,"[59.814813401963974, 54.25925784640842, 59.72222222222222, 69.62963386818215, 74.44444585729528, 78.3333319204825, 72.77777636492694, 71.11111393681279, 69.99999858714916, 71.11111393681279]",,7.0,71.25661537130043,"[60.277776364926936, 69.9074074074074, 73.51851993136935, 72.40741164595991, 74.8148176405165, 72.50000282570169, 75.37037178322122]",74.81481764,3.0,68.33333380428361,"[60.000002825701685, 69.99999858714916, 75.0]",80.55555556,10.0,68.62037305478697,"[59.537039862738716, 66.11111252396196, 75.18518942373771, 71.6666680795175, 67.40741023310909, 70.18518801088686, 73.88889171459057, 70.18518801088686, 66.94444727014613, 65.09259541829428]",64.44444303,6.0,62.993826689543546,"[59.814813401963974, 37.129628216778784, 45.83333333333333, 81.4814814814815, 75.46296296296296, 78.24074074074075]",79.16666667,10.0,68.43518716317635,"[59.90741164595993, 69.99999858714916, 76.11111534966362, 72.77777636492694, 76.11111534966362, 72.77777636492694, 70.37037037037037, 63.240743566442426, 63.61111534966363, 59.44444868299696]",75.18518942,4.0,60.69444727014612,"[60.37037460892288, 70.18518801088686, 65.09259541829428, 47.12963104248047]",70.18518801,3.0,64.93827207588856,"[60.64814814814815, 69.44444444444444, 64.72222363507306]",64.81481481,1.0,,[],58.14815097,3.0,69.44444679919586,"[60.46296578866463, 69.62963386818215, 78.24074074074075]",79.62962963
PG37,10.0,11.296296649509006,"[0.0, 0.9259259259259245, 0.0, 0.0, 0.0, 19.259258552833842, 20.277779190628614, 24.444445857295282, 8.796296296296296, 39.259260672110095]",59.44444868,10.0,15.203704480771666,"[0.0, 5.185187304461442, 0.27777707135235863, 5.555555555555558, 13.981483600757738, 21.851850439001012, 9.907408113832828, 16.759261378535516, 37.03703703703704, 41.48148430718316]",60.55555697,9.0,7.294239232569565,"[0.5555576748318136, 0.0, 4.907406700981987, 0.27777707135235863, 0.0, 7.4074074074074066, 7.685184478759766, 13.61111181753653, 31.20370794225622]",78.88889313,7.0,12.407407811079077,"[0.0, 6.666667373092089, 9.629631042480469, 14.351851851851855, 14.259260672110097, 10.833334039758752, 31.111109698260275]",70.46296155,1.0,0.9259259259259245,[0.9259259259259245],64.90740599,6.0,13.117284539305134,"[0.0, 4.444443738019027, 20.277779190628614, 16.11111252396195, 13.796297709147137, 24.074074074074076]",76.29629771,6.0,7.762346738650474,"[0.6481488545735659, 3.6111125239619515, 4.722224341498482, 0.0, 7.2222215157968, 30.370373196072048]",71.20370512,5.0,3.9814821879069013,"[0.462962962962965, 0.0, 0.8333347461841722, 2.5000007064254204, 16.11111252396195]",76.38888889,7.0,35.06613786889132,"[0.0925947118688486, 13.88888888888889, 30.925927338776766, 44.99999858714916, 25.555554142704718, 58.24074215359158, 71.75925925925925]",78.14814956,8.0,20.543982806029145,"[0.462962962962965, 13.333334746184173, 7.314816227665655, 5.0925925925925934, 34.16666807951751, 36.75926349781178, 13.703702997278283, 53.51852134422019]",66.48148431,10.0,13.444445221512407,"[0.462962962962965, 0.7407400343153236, 4.537038449887875, 0.8333347461841722, 14.629628923204208, 16.11111252396195, 18.055555555555557, 27.500004238552517, 15.555554849130138, 36.01851993136936]",49.07407407,8.0,18.1944454157794,"[49.25926349781178, 6.944444444444442, 16.296298415572558, 6.666667373092089, 23.240739327889905, 9.629631042480469, 27.77777777777778, 5.740741447166159]",49.72222646,6.0,13.256173663669164,"[0.0, 7.129630336055048, 13.51852063779478, 17.22222434149848, 28.240740740740744, 13.425925925925924]",55.3703732,2.0,4.722222575434934,"[0.1851858916106064, 9.259259259259261]",50.18518942,2.0,7.268518871731228,"[3.7037037037037033, 10.833334039758752]",52.50000424,2.0,8.425928045202186,[8.425928045202186],57.03703562,2.0,6.018520284582068,"[1.2962977091471373, 10.740742860016999]",57.49999859,5.0,4.388889736599391,"[2.0370377434624554, 2.314814814814814, 0.0, 11.018519931369358, 6.574076193350331]",55.27778202,5.0,3.0000008477105036,"[0.0, 3.9814807750560623, 4.259261378535517, 0.37037178322120723, 6.38889030173973]",51.75926067,3.0,8.549384128900224,"[4.629629629629628, 6.111113230387372, 14.907409526683669]",65.09259542
PG38,7.0,48.00453514739229,"[8.306878306878307, 21.21693121693122, 41.85185185185185, 34.232804232804234, 60.15873015873016, 81.11111111111111, 89.15343915343915]",86.61375661,10.0,49.15343915343915,"[6.190476190476191, 27.142857142857146, 19.735449735449734, 42.48677248677248, 55.925925925925924, 57.51322751322752, 49.47089947089947, 74.65608465608466, 69.15343915343915, 89.25925925925927]",83.22751323,7.0,80.65759637188208,"[50.10582010582011, 72.32804232804233, 84.28571428571429, 72.01058201058201, 90.95238095238095, 96.34920634920636, 98.57142857142858]",95.3968254,5.0,72.58201058201058,"[37.51322751322751, 63.227513227513235, 77.40740740740742, 87.35449735449737, 97.4074074074074]",95.60846561,9.0,78.75955320399765,"[47.248677248677254, 64.60317460317461, 78.46560846560845, 84.60317460317461, 78.14814814814814, 86.6137566137566, 94.02116402116403, 78.78306878306877, 96.34920634920636]",93.80952381,7.0,70.0,"[48.51851851851852, 54.44444444444444, 64.28571428571428, 85.87301587301587, 86.4021164021164, 89.04761904761904, 61.42857142857143]",74.97354497,10.0,81.86243386243386,"[51.7989417989418, 66.19047619047619, 75.18518518518518, 77.40740740740742, 81.85185185185185, 84.92063492063492, 88.51851851851852, 95.5026455026455, 97.61904761904762, 99.62962962962962]",87.46031746,5.0,71.41798941798942,"[43.12169312169312, 61.85185185185185, 75.29100529100529, 80.7936507936508, 96.03174603174602]",86.71957672,4.0,68.01587301587301,"[50.10582010582011, 50.63492063492063, 73.5978835978836, 97.72486772486772]",87.14285714,8.0,77.75132275132275,"[50.74074074074074, 64.28571428571428, 62.698412698412696, 76.45502645502646, 86.5079365079365, 90.31746031746032, 94.44444444444444, 96.56084656084656]",90.31746032,9.0,73.5978835978836,"[50.317460317460316, 62.698412698412696, 67.56613756613757, 73.17460317460318, 79.10052910052909, 83.65079365079366, 79.10052910052909, 71.7989417989418, 94.97354497354497]",80.68783069,9.0,73.30393885949442,"[52.539682539682545, 62.59259259259259, 75.39682539682539, 79.20634920634922, 80.26455026455027, 68.94179894179895, 80.05291005291005, 76.45502645502646, 84.28571428571429]",68.62433862,5.0,69.11111111111111,"[49.682539682539684, 57.93650793650793, 66.82539682539684, 79.73544973544973, 91.37566137566138]",72.75132275,8.0,75.15873015873015,"[48.73015873015873, 62.804232804232804, 67.46031746031747, 74.12698412698413, 80.58201058201058, 86.93121693121692, 88.83597883597884, 91.7989417989418]",87.77777778,9.0,77.59553203997649,"[50.95238095238095, 65.44973544973544, 73.91534391534391, 78.67724867724868, 78.88888888888889, 82.27513227513228, 81.11111111111111, 93.91534391534391, 93.17460317460318]",87.03703704,10.0,76.02116402116403,"[49.8941798941799, 62.804232804232804, 73.5978835978836, 70.74074074074073, 79.94708994708995, 80.7936507936508, 85.87301587301587, 78.25396825396825, 87.56613756613756, 90.74074074074075]",84.07407407,6.0,75.44973544973546,"[51.05820105820106, 78.25396825396825, 79.4179894179894, 85.34391534391534, 75.71428571428571, 82.91005291005291]",81.95767196,7.0,76.68178382464096,"[60.68783068783069, 70.63492063492063, 65.97883597883597, 77.5132275132275, 82.27513227513228, 87.67195767195768, 92.01058201058201]",92.22222222,6.0,71.88712522045854,"[69.04761904761905, 65.76719576719576, 61.74603174603175, 73.5978835978836, 79.31216931216932, 81.85185185185185]",87.03703704,9.0,80.87595532039978,"[57.3015873015873, 78.35978835978837, 80.47619047619048, 83.54497354497354, 77.30158730158729, 89.04761904761904, 83.33333333333333, 92.11640211640211, 86.4021164021164]",89.04761905
PG39,6.0,31.049116605675884,"[10.359774913293496, 20.26030088297158, 34.602210907022624, 29.69819670098342, 60.32509962410833]",95.48588416,5.0,16.350984050338294,"[9.341962048216901, 20.352837267026135, 10.359774913293496, 25.34936197281664]",90.39682307,5.0,23.545063451763735,"[10.082188409895188, 19.705140818326594, 35.15737097166762, 29.235553607165542]",84.7525825,5.0,30.87794095819519,"[8.41667586058114, 19.982724086186998, 34.972324087861764, 60.14003979815086]",90.39682307,7.0,48.65329691767066,"[9.897131819475618, 22.666039793963915, 38.30333624433824, 59.02970025563343, 49.96191114738491, 71.15091178142218, 89.56404738147634]",89.00889379,10.0,50.276514792835364,"[7.768979411881588, 26.182118247473667, 12.765510588747919, 29.235553607165542, 43.94757681205573, 64.11876134547848, 62.54577870914317, 72.7239008888333, 86.2330481671515, 97.24392015042282]",96.50369379,7.0,46.69698254149926,"[14.153436634663652, 28.495327245487267, 40.43149835854597, 39.04356260601652, 51.627430167774776, 72.07618502690633, 81.05143775110028]",96.8738005,5.0,44.00308828876716,"[11.007471361993042, 23.591332452675484, 36.26771051418506, 52.367650058377244, 96.78127705660495]",97.79907374,10.0,53.44098345967141,"[13.5057337148883, 25.53442826984994, 39.59874208388895, 56.25384816380195, 49.86938770548199, 62.91589188998232, 75.5922828936435, 61.342909253647015, 71.15091178142218, 78.64569884010794]",76.61009252,10.0,38.52541191813269,"[13.320680360006632, 28.310280361681407, 16.65170545863472, 29.143036636338426, 37.10046678884208, 49.776864263579064, 39.87632535174935, 49.40675108273992, 54.49581217258498, 67.17219670517036]",69.76299544,11.0,33.26054464073561,"[13.5057337148883, 22.018349816340187, 16.466645632677235, 22.203403171221847, 33.86197807426853, 48.5739948080829, 58.1969439809764, 41.819414697847996, 35.0648475297647, 40.89413498128803]",,10.0,39.23787930591735,"[14.245966547642391, 22.203403171221847, 27.570054000003125, 25.07178517603206, 40.061385177706825, 35.43496071060383, 50.054447531439486, 44.78032661563693, 58.65958707479428, 74.29687705409277]",75.31469963,10.0,47.61169633170185,"[8.41667586058114, 17.206865523279717, 26.27465463152821, 34.232097726183476, 49.776864263579064, 58.1969439809764, 70.13308920973188, 68.65264942852693, 68.8377092544844, 74.38941343814736]",71.61354193,10.0,37.775930947387586,"[8.971848867377762, 22.480992910158054, 33.7694546323656, 30.993602540534138, 24.331558814353766, 38.67344942517737, 64.48887452631764, 68.8377092544844, 51.072250689902354, 34.13956781320474]",38.85851572,8.0,47.71810524629672,"[11.007471361993042, 22.85110609099719, 32.7516320606753, 49.40675108273992, 51.349846899914375, 62.91589188998232, 65.13657097501718, 86.32557160905444]",83.54972599,10.0,35.888349842462475,"[7.86150285378453, 20.72294397678947, 35.80507389144297, 37.47057996968122, 41.17172472022425, 39.2286289030498, 27.014880993206503, 48.20388162724376, 41.726884784869256, 59.67739670433298]",60.23256971,10.0,33.08474298293665,"[11.285057865391346, 24.51661216923543, 16.65170545863472, 10.174711851798113, 24.4240887273325, 34.13956781320474, 29.975786439919638, 47.09354208472632, 67.72736971196697, 64.85898770715679]",61.52796908,10.0,26.431949336070055,"[8.971848867377762, 23.03615297480307, 16.836758813516383, 27.107410906185237, 26.552231428312822, 14.245966547642391, 27.662577441906045, 49.129154872727895, 41.819414697847996, 28.95797681038095]",49.68433435,10.0,21.53720073992655,"[11.93275107855299, 19.890187702132444, 12.858040501726652, 12.025284227069633, 21.18559354168316, 12.58045399832835, 30.253376178855852, 20.908010273822747, 23.31374918481508, 50.42456071227861]",61.43543917,6.0,46.106568209925456,"[8.231619270161577, 20.815480360844013, 43.6699806020437, 60.32509962410833, 65.50668415585632, 78.09054524653877]",76.42501976
PG40,3.0,59.36897013214631,"[48.48146489510416, 51.812483522656436, 77.81296197867835]",90.67440634,6.0,54.14111417283315,"[47.09354208472632, 47.00101217174759, 48.48146489510416, 50.60962053823608, 50.332024328224065, 81.32902101896067]",80.03364106,6.0,64.95151007054706,"[51.627430167774776, 52.73776323921639, 71.33595866522803, 66.80208352433121, 68.8377092544844, 78.36811557224755]",86.69567832,5.0,68.22701571147022,"[49.40675108273992, 53.47798960089468, 72.35378123691832, 78.64569884010794, 87.2508577966902]",87.99108416,4.0,65.59921083329715,"[39.968855264728084, 68.37506616066653, 76.70260302293347, 77.35031888486046]",87.80602433,5.0,71.48401817393048,"[46.72342243281138, 74.94457997386816, 79.57099796989533, 70.96586489761631, 85.21522559546118]",92.43242939,5.0,71.35447888419057,"[48.11135171426502, 76.23997287126724, 69.20782243532354, 78.92329505011998, 84.28995234997706]",91.04451305,2.0,48.20387839170586,"[46.72342243281138, 49.68433435060033]",67.07966679,4.0,62.10626971133894,"[46.168255897090575, 45.335493151357745, 77.25779544295757, 79.66353435394986]",95.5784076,6.0,74.21977418584035,"[48.11135171426502, 54.31074587555169, 92.06233561867485, 85.86292851523656, 83.45718960424422, 81.51409378706977]",94.65310847,7.0,53.2929380948918,"[50.702137509063206, 51.349846899914375, 50.23950088632113, 51.627430167774776, 51.719960080753516, 59.7699266173117, 57.641764503103985]",67.17219671,7.0,52.53949317421656,"[49.59179796654578, 50.14697744441822, 50.42456071227861, 53.0153465070768, 53.75557933983088, 56.34637807678069, 54.49581217258498]",66.06185716,7.0,64.60783231289628,"[49.59179796654578, 52.367650058377244, 71.33595866522803, 70.13308920973188, 78.18306868844167, 65.69174398181379, 64.9515176201355]",71.05838834,7.0,54.23143914376693,"[48.5739948080829, 50.79466742204194, 50.23950088632113, 50.702137509063206, 64.48887452631764, 53.84810278173382, 60.97279607280787]",65.22910089,3.0,52.18259238944504,"[48.75904169188876, 54.680859056390844, 53.10787642005555]",79.01583143,9.0,53.003785121261316,"[50.054447531439486, 55.883728511887, 51.4423703418173, 55.421085418069126, 50.332024328224065, 51.1647806028811, 53.38546615899175, 56.34637807678069]",69.39286932,6.0,51.95127731361192,"[49.31422116976119, 49.22168478570665, 50.97973371907523, 52.367650058377244, 61.25037934066828, 48.5739948080829]",68.83770925,2.0,59.02969702009551,"[49.96191114738491, 68.09748289280611]",55.7911986,6.0,56.40806037138265,"[51.1647806028811, 60.14003979815086, 58.38200380693388, 62.175665528304044, 57.45671761929812, 49.129154872727895]",36.3602469,7.0,61.02566753547752,"[50.702137509063206, 56.71649125761983, 62.08313561532529, 63.10093877378817, 67.72736971196697, 62.26819544128277, 64.58140443929636]",57.8268308
PG41,10.0,15.324074780499492,"[0.0, 0.7407400343153236, 9.999999293574579, 8.703705116554545, 20.833333333333332, 21.666668079517503, 21.018522757071032, 22.592594005443434, 22.22222222222222, 25.462962962962965]",34.53703986,11.0,6.537037248964663,"[0.0, 3.0555548491301376, 2.0370377434624554, 3.518517812093097, 5.648150267424406, 8.703705116554545, 6.759258552833841, 10.462962256537544, 10.370371076795792, 14.814814814814813]",,10.0,6.111111464323821,"[1.2037029972782831, 0.8333347461841722, 2.5000007064254204, 4.351852558277269, 5.370369663944952, 7.037039156313297, 8.518519224943939, 9.907408113832828, 9.53703633061162, 11.851851145426433]",49.81481764,10.0,6.509260248254847,"[0.0, 2.0370377434624554, 5.2777784842032, 5.648150267424406, 7.037039156313297, 7.037039156313297, 7.4074074074074066, 7.500002119276261, 11.759259965684677, 11.38888818246347]",19.81481623,11.0,4.537037743462457,"[0.27777707135235863, 1.6666659602412481, 1.9444465637207031, 5.740741447166159, 4.537038449887875, 6.481481481481483, 6.203704410129124, 6.38889030173973, 5.740741447166159, 6.38889030173973]",,10.0,5.250000423855252,"[0.27777707135235863, 0.9259259259259245, 1.3888888888888895, 3.6111125239619515, 5.648150267424406, 6.018518518518517, 6.38889030173973, 8.518519224943939, 8.796296296296296, 10.925925219500504]",24.90740882,10.0,4.675926632351345,"[0.9259259259259245, 1.1111118175365309, 2.1296289232042076, 2.870372489646628, 4.722224341498482, 3.425926632351345, 6.759258552833841, 6.85185326470269, 7.129630336055048, 10.833334039758752]",24.81481764,10.0,4.98148141083894,"[0.7407400343153236, 3.0555548491301376, 2.5925918861671726, 4.629629629629628, 3.8888895953143097, 5.648150267424406, 6.759258552833841, 6.759258552833841, 7.129630336055048, 8.61111040468569]",25.46296296,10.0,4.046297073364256,"[0.462962962962965, 0.9259259259259245, 2.314814814814814, 3.3333354526095924, 4.351852558277269, 4.351852558277269, 5.185187304461442, 4.629629629629628, 6.018518518518517, 8.888891008165146]",24.62962822,10.0,4.240741023310909,"[1.1111118175365309, 0.6481488545735659, 3.148149560998986, 3.0555548491301376, 4.074075486924911, 5.9259273387767655, 4.907406700981987, 4.907406700981987, 6.018518518518517, 8.61111040468569]",24.35185468,11.0,4.157408255117911,"[1.574074780499496, 2.314814814814814, 1.9444465637207031, 3.425926632351345, 3.425926632351345, 4.444443738019027, 5.000001412850841, 8.055556261980973, 4.537038449887875, 6.85185326470269]",,10.0,3.6296304066975913,"[0.7407400343153236, 1.8518518518518545, 3.148149560998986, 3.6111125239619515, 3.518517812093097, 3.796298415572558, 4.351852558277269, 4.907406700981987, 4.722224341498482, 5.648150267424406]",46.48148572,10.0,5.083334181043837,"[0.5555576748318136, 1.1111118175365309, 3.6111125239619515, 4.814815521240234, 4.629629629629628, 4.629629629629628, 7.685184478759766, 6.85185326470269, 6.85185326470269, 10.092594005443434]",42.59259259,10.0,3.5833344636140048,"[1.0185206377947786, 2.1296289232042076, 2.6851865980360268, 2.407409526683668, 3.148149560998986, 4.537038449887875, 5.185187304461442, 4.814815521240234, 5.0925925925925934, 4.814815521240234]",23.33333757,10.0,3.731482117264359,"[0.6481488545735659, 1.3888888888888895, 1.2962977091471373, 3.0555548491301376, 3.518517812093097, 4.074075486924911, 4.166666666666669, 4.814815521240234, 4.074075486924911, 10.277779897054035]",42.59259259,10.0,3.379630336055049,"[1.481483600757738, 2.1296289232042076, 2.5000007064254204, 3.425926632351345, 4.444443738019027, 3.2407407407407387, 3.3333354526095924, 3.0555548491301376, 5.648150267424406, 4.537038449887875]",49.72222646,10.0,3.8240747098569514,"[1.8518518518518545, 1.574074780499496, 4.259261378535517, 2.5000007064254204, 2.5000007064254204, 4.629629629629628, 3.0555548491301376, 6.574076193350331, 5.833332626907911, 5.4629643758138]",36.94444586,10.0,3.0925934403030952,"[1.481483600757738, 3.2407407407407387, 1.7592606721100967, 3.3333354526095924, 3.7037037037037033, 3.3333354526095924, 2.777777777777779, 2.9629636693883796, 4.351852558277269, 3.9814807750560623]",39.81481481,10.0,3.694444938942239,"[1.0185206377947786, 4.166666666666669, 2.870372489646628, 2.6851865980360268, 3.518517812093097, 2.777777777777779, 3.2407407407407387, 3.6111125239619515, 3.9814807750560623, 9.074073367648655]",33.24074215,10.0,4.6759262791386345,"[1.1111118175365309, 3.2407407407407387, 1.481483600757738, 4.907406700981987, 3.9814807750560623, 5.740741447166159, 3.8888895953143097, 4.907406700981987, 6.85185326470269, 10.648148148148145]",40.55555838
PG42,3.0,44.95370652940538,"[29.814819053367337, 60.09259400544343]",60.27777636,6.0,50.09259400544344,"[30.370373196072048, 50.0, 39.722223635073064, 60.000002825701685, 70.37037037037037]",68.05555556,7.0,65.05291348411924,"[29.814819053367337, 54.90741023310909, 70.0925968311451, 60.000002825701685, 75.37037178322122, 80.00000847710503, 85.18518518518519]",74.81481764,3.0,39.86111040468569,"[29.72222080937138, 50.0]",60.00000283,1.0,,[],23.88889171,5.0,46.25000070642542,"[31.944444444444443, 55.00000141285084, 40.64814956099899, 57.407407407407405]",69.53703562,5.0,54.185187728316706,"[29.90741023310909, 50.277780603479464, 69.62963386818215, 58.51852275707103, 62.59259117974175]",65.37036896,3.0,44.722221515796804,"[29.629629629629626, 59.814813401963974]",57.49999859,4.0,57.152778130990484,"[29.629629629629626, 49.53703703703704, 69.81481622766566, 79.62962962962963]",75.18518942,2.0,30.185183772334344,[30.185183772334344],50.2777806,6.0,18.88889030173973,"[0.0, 19.814816227665656, 10.092594005443434, 24.907408820258247, 39.62963245533131]",59.62963104,5.0,25.99537107679579,"[0.0, 19.444444444444443, 49.90740882025825, 34.62963104248047]",54.53703845,5.0,38.000002260561345,"[0.27777707135235863, 20.092593299018013, 39.53704127558956, 59.90741164595993, 70.18518801088686]",59.35185044,11.0,16.425926067211012,"[0.0, 20.092593299018013, 39.81481481481482, 30.185183772334344, 0.0, 9.074073367648655, 30.09259259259259, 15.185186598036026, 9.999999293574579, 9.814816934091075]",,10.0,36.09259322837547,"[0.0, 15.000000706425421, 30.185183772334344, 49.53703703703704, 35.18518518518518, 50.09259117974175, 40.27777777777778, 50.277780603479464, 40.64814956099899, 49.722226460774735]",49.72222646,10.0,21.685185962253147,"[0.0, 19.537039156313295, 39.62963245533131, 30.462964375813804, 34.814813401963974, 27.77777777777778, 15.000000706425421, 9.999999293574579, 20.00000211927626, 19.629630336055047]",25.2777806,9.0,16.121400825280713,"[0.0, 14.907409526683669, 11.018519931369358, 0.0, 9.53703633061162, 24.72222646077474, 14.537037743462456, 30.370373196072048, 40.00000423855251]",60.00000283,10.0,16.601851781209312,"[0.0, 19.90740740740741, 15.000000706425421, 35.64814814814815, 26.018517105667684, 19.629630336055047, 0.0, 19.259258552833842, 15.46296366938838, 15.092591886167172]",15.37037249,10.0,12.509260177612306,"[0.0, 20.092593299018013, 14.444446563720703, 0.0, 14.814814814814813, 4.814815521240234, 15.370372489646627, 5.185187304461442, 20.277779190628614, 30.09259259259259]",29.90741023,9.0,37.51028987115303,"[0.0, 19.537039156313295, 39.81481481481482, 50.46296296296296, 44.81481622766565, 55.27778201633029, 42.7777820163303, 35.18518518518518, 49.722226460774735]",50.18518942
PG43,2.0,86.2037037037037,"[73.88888888888889, 98.51851851851852]",99.16666667,2.0,84.12037037037037,"[70.37037037037037, 97.87037037037037]",98.14814815,2.0,90.13888888888889,"[81.75925925925927, 98.51851851851852]",98.7037037,2.0,87.87037037037038,"[76.75925925925927, 98.98148148148148]",99.25925926,2.0,76.75925925925927,"[69.72222222222221, 83.7962962962963]",98.7962963,2.0,81.01851851851852,"[62.5, 99.53703703703704]",99.25925926,2.0,88.56481481481482,"[77.40740740740742, 99.72222222222223]",99.25925926,2.0,85.78703703703704,"[72.31481481481481, 99.25925925925925]",98.88888889,2.0,87.63888888888889,"[76.85185185185186, 98.42592592592592]",99.90740741,2.0,86.52777777777777,"[73.14814814814815, 99.9074074074074]",99.72222222,4.0,79.4675925925926,"[64.53703703703704, 83.98148148148148, 69.62962962962963, 99.72222222222223]",94.72222222,3.0,83.17901234567901,"[63.42592592592593, 86.75925925925925, 99.35185185185185]",99.35185185,3.0,80.1851851851852,"[58.796296296296305, 81.94444444444444, 99.81481481481482]",98.61111111,4.0,83.42592592592594,"[61.94444444444444, 84.35185185185186, 88.24074074074075, 99.16666666666667]",98.7037037,3.0,79.22839506172839,"[60.46296296296296, 77.68518518518519, 99.53703703703704]",99.81481481,3.0,81.38888888888887,"[67.5, 83.33333333333333, 93.33333333333333]",98.98148148,6.0,81.71296296296298,"[62.870370370370374, 84.07407407407408, 78.88888888888889, 77.77777777777779, 87.22222222222223, 99.44444444444444]",98.61111111,9.0,78.54938271604937,"[57.96296296296296, 73.79629629629629, 76.20370370370371, 82.22222222222221, 75.37037037037038, 67.22222222222223, 81.20370370370371, 93.33333333333333, 99.62962962962962]",80.92592593,11.0,81.02777777777777,"[59.62962962962963, 75.18518518518518, 72.77777777777777, 80.18518518518518, 84.9074074074074, 90.64814814814814, 92.77777777777779, 82.22222222222221, 73.14814814814815, 98.79629629629629]",,1.0,,[],72.40740741
PG44,7.0,31.42857223591477,"[10.833334039758752, 11.38888818246347, 23.518519931369358, 21.296296296296298, 26.574078312626593, 56.94444444444444, 69.44444444444444]",72.03703986,9.0,26.707819950433425,"[10.740742860016999, 8.518519224943939, 8.425928045202186, 8.61111040468569, 9.53703633061162, 29.814819053367337, 40.925930164478444, 51.481480068630646, 72.31481340196397]",61.48148289,7.0,25.343916655848265,"[11.203705822979964, 11.944445857295282, 12.5, 13.88888888888889, 17.9629643758138, 41.85185609040437, 68.05555555555556]",72.22222222,5.0,32.79629742657697,"[8.703705116554545, 17.59259259259259, 24.074074074074076, 37.03703703703704, 76.5740783126266]",73.33333757,4.0,48.24074286001701,"[21.111113936812792, 29.814819053367337, 52.685186598036026, 89.35185185185186]",82.40740741,9.0,51.76954818851173,"[10.925925219500504, 34.35185043900101, 34.814813401963974, 39.35185185185185, 46.203705116554545, 67.50000141285084, 72.8703746089229, 75.18518942373771, 84.72222222222221]",72.50000283,6.0,46.80555720388153,"[10.648148148148145, 17.59259259259259, 51.759260672110095, 55.27778201633029, 64.2592606721101, 81.29629912199798]",75.92592593,5.0,49.518519507514114,"[14.074074780499496, 29.35185609040437, 47.68518518518518, 64.16666949236834, 92.31481198911314]",56.94444444,4.0,38.356483424151385,"[15.370372489646627, 21.481485720033998, 35.277776364926936, 81.29629912199798]",74.62962822,6.0,50.47839600362895,"[21.018522757071032, 40.00000423855251, 40.37036895751953, 52.685186598036026, 64.35185185185185, 84.44444161874276]",82.77778625,6.0,34.08950817437819,"[13.61111181753653, 26.574078312626593, 32.870370370370374, 30.64814673529731, 33.51852275707103, 67.31481905336733]",64.16666949,9.0,26.069960182095752,"[8.61111040468569, 15.46296366938838, 16.296298415572558, 23.796300534848815, 27.87036895751953, 30.000001412850843, 33.05555979410807, 39.259260672110095, 40.27777777777778]",55.27778202,7.0,39.56349388001457,"[7.685184478759766, 14.907409526683669, 29.07407548692491, 35.46296578866464, 59.25925925925925, 58.51852275707103, 72.03703986273872]",66.57407549,10.0,37.86111125239619,"[11.851851145426433, 15.555554849130138, 30.185183772334344, 32.96296155011213, 35.740739327889905, 37.22222646077474, 51.388888888888886, 53.05555838125723, 56.57407266122323, 54.07407548692491]",53.42593016,10.0,19.518519860726816,"[11.759259965684677, 15.370372489646627, 16.481480775056063, 16.759261378535516, 15.648149560998986, 15.277777777777779, 16.11111252396195, 15.648149560998986, 20.092593299018013, 52.03704127558956]",54.25925785,10.0,34.60185333534523,"[9.53703633061162, 20.648150973849827, 25.185189423737704, 30.740744979293254, 28.703703703703702, 31.388890301739725, 35.277776364926936, 51.57407831262659, 59.62963104248047, 53.33333192048249]",54.81481905,9.0,28.06584472028316,"[10.370371076795792, 11.759259965684677, 17.129629629629626, 18.51851851851852, 18.51851851851852, 28.98148430718316, 37.870371783221216, 40.00000423855251, 69.44444444444444]",65.1851866,10.0,38.00926208496094,"[9.444445150869862, 15.925926632351345, 24.25926349781178, 28.42593016447844, 30.277782016330296, 35.46296578866464, 48.14814814814815, 58.14815097384982, 63.14815238670066, 66.85185609040437]",56.3888903,11.0,28.83333453425655,"[15.185186598036026, 17.870369663944953, 15.833335452609592, 16.11111252396195, 19.537039156313295, 20.833333333333332, 22.77777636492694, 44.907407407407405, 50.277780603479464, 65.00000423855252]",,10.0,51.175927056206596,"[17.037038449887877, 30.64814673529731, 37.40740882025825, 47.87037460892289, 54.35185609040437, 61.57407407407407, 61.57407407407407, 66.75925784640842, 66.29629488344546, 68.24074497929325]",59.53703986
PG45,10.0,53.25926109596535,"[22.592594005443434, 34.25925925925925, 37.40740882025825, 21.203705116554545, 51.481480068630646, 66.57407548692491, 75.46296296296296, 84.3518575032552, 51.85185185185185, 87.40741588451245]",79.16666667,10.0,56.851854677553526,"[13.333334746184173, 40.925930164478444, 40.185186598036026, 51.66666949236834, 50.64815238670066, 72.03703986273872, 42.50000141285084, 75.09259117974175, 91.29630194769966, 90.83333898473668]",87.87037885,10.0,61.78703802603263,"[23.61111111111111, 34.62963104248047, 49.90740882025825, 52.685186598036026, 61.018519931369354, 65.09259541829428, 76.11111534966362, 85.18518518518519, 75.46296296296296, 94.16666384096499]",84.25925926,10.0,73.10185503076625,"[10.925925219500504, 36.75926349781178, 50.277780603479464, 75.0, 95.27778625488281, 85.74074639214409, 89.81481481481481, 95.00000565140337, 95.92593157732928, 96.2962962962963]",94.81482329,10.0,59.30041285699287,"[8.703705116554545, 14.907409526683669, 33.333333333333336, 72.68518518518519, 75.83333474618416, 77.68518659803603, 68.79629912199798, 88.70370652940538, 93.05555555555556]",71.48148572,10.0,66.16666758501971,"[20.00000211927626, 37.03703703703704, 53.79629488344546, 65.00000423855252, 73.88889171459057, 80.2777749520761, 62.40740882025825, 89.81481481481481, 83.98147865577981, 95.46296861436632]",92.31481199,5.0,52.94444684629086,"[19.16666737309209, 39.35185185185185, 62.96296296296296, 54.44444727014612, 88.79630477340132]",75.74074357,5.0,57.01851880108869,"[16.203703703703702, 42.68518377233435, 56.018518518518526, 80.83333615903501, 89.35185185185186]",72.03703986,7.0,64.2592606721101,"[22.685185185185187, 55.27778201633029, 81.66666384096499, 68.24074497929325, 62.870371783221216, 81.29629912199798, 77.77777777777779]",82.50000565,10.0,66.74074172973633,"[22.96296578866464, 43.61110969826028, 41.94444727014612, 61.75926349781178, 68.9814814814815, 77.68518659803603, 83.51851569281685, 87.77778060347944, 85.00000282570169, 94.16666384096499]",89.99999717,10.0,52.796298133002395,"[21.944448682996963, 37.129628216778784, 39.16666949236834, 59.074076899775754, 64.2592606721101, 73.14814814814815, 48.33333757188585, 69.44444444444444, 66.11111252396196, 49.35185467755353]",50.18518942,5.0,57.20370681197555,"[22.407411645959925, 56.666670905219185, 74.35185467755353, 56.018518518518526, 76.5740783126266]",63.33333475,4.0,50.62500105963813,"[21.759259259259263, 49.722226460774735, 61.481482894332316, 69.53703562418619]",56.01851852,7.0,57.73809624727442,"[28.42593016447844, 56.57407266122323, 66.29629488344546, 56.666670905219185, 61.481482894332316, 70.83333333333334, 63.888888888888886]",63.98148007,6.0,58.27160705754786,"[44.25926208496094, 54.53703844988787, 59.16666807951751, 70.92592451307509, 51.57407831262659, 69.16667090521919]",62.59259118,5.0,49.57407492178458,"[24.629628216778794, 39.53704127558956, 59.16666807951751, 60.18518518518518, 64.35185185185185]",63.24074357,5.0,45.90740910282841,"[23.425928751627605, 47.50000282570168, 49.074074074074076, 55.92592733877677, 53.61111252396194]",57.59259683,9.0,50.31893302383737,"[24.444445857295282, 36.29630053484881, 44.166670905219185, 50.64815238670066, 53.888893127441406, 55.92592733877677, 64.16666949236834, 69.44444444444444, 53.888893127441406]",49.16666525,7.0,52.380953390131545,"[29.444447270146124, 48.888891714590564, 56.296299121997976, 54.166666666666664, 66.57407548692491, 60.740739327889905, 50.555554142704715]",50.83333475,1.0,43.88889030173973,[43.88889030173973],49.44444586
PG46,10.0,37.037038803100586,"[1.6666659602412481, 9.166668079517503, 22.22222222222222, 24.537037037037035, 30.462964375813804, 45.09259683114511, 49.25926349781178, 60.83333757188585, 59.62963104248047, 67.50000141285084]",60.92592875,11.0,27.824075486924915,"[0.9259259259259245, 3.796298415572558, 10.462962256537544, 20.462961550112123, 31.574072661223234, 33.611113936812785, 25.648152386700662, 40.00000423855251, 51.11111534966363, 60.64814814814815]",,3.0,20.709877249635294,"[0.7407400343153236, 7.870370370370372, 53.51852134422019]",50.64815239,4.0,25.115741623772514,"[11.759259965684677, 12.962962962962965, 30.370373196072048, 45.370370370370374]",53.05555838,11.0,33.16666744373463,"[0.6481488545735659, 5.555555555555558, 16.11111252396195, 35.740739327889905, 33.240742153591576, 40.46296720151548, 47.22222222222222, 46.574076899775754, 50.92592592592593, 55.18518377233435]",,10.0,22.80555725097656,"[0.0925947118688486, 6.574076193350331, 3.3333354526095924, 12.777777071352359, 23.33333757188585, 35.000002825701685, 28.98148430718316, 40.83333192048249, 32.49999858714916, 44.62963386818215]",49.53703704,10.0,39.675928045202184,"[0.6481488545735659, 9.35185397112811, 27.500004238552517, 28.518521344220193, 40.925930164478444, 49.90740882025825, 59.72222222222222, 60.09259400544343, 52.685186598036026, 67.40741023310909]",61.57407407,11.0,36.67592755070439,"[3.3333354526095924, 10.648148148148145, 4.074075486924911, 24.16666525381583, 37.685189423737704, 34.537039862738716, 49.722226460774735, 59.72222222222222, 70.27777919062862, 72.59259400544343]",,7.0,33.928573446929775,"[1.8518518518518545, 8.796296296296296, 26.018517105667684, 40.925930164478444, 39.53704127558956, 53.425930164478444, 66.94444727014613]",63.79629771,6.0,28.950618225851176,"[5.370369663944952, 16.57407548692491, 19.537039156313295, 28.796294883445462, 46.203705116554545, 57.2222250479239]",57.22222505,10.0,15.472222787362558,"[3.2407407407407387, 16.481480775056063, 11.38888818246347, 8.796296296296296, 16.296298415572558, 19.7222215157968, 18.425927338776766, 15.740740740740739, 23.148148148148145, 21.481485720033998]",17.22222434,10.0,18.10185291148998,"[1.1111118175365309, 8.148147441722731, 10.740742860016999, 13.148148854573567, 19.259258552833842, 26.666669492368346, 26.574078312626593, 22.592594005443434, 32.037035624186196, 20.74074215359158]",20.37037037,10.0,25.750000565140333,"[0.5555576748318136, 3.6111125239619515, 10.462962256537544, 21.018522757071032, 30.555555555555557, 28.333331920482497, 39.259260672110095, 45.92592451307509, 40.37036895751953, 37.40740882025825]",35.74073933,10.0,15.898149278428818,"[0.6481488545735659, 4.814815521240234, 11.296297002721717, 7.96296508223922, 6.481481481481483, 20.74074215359158, 39.90740599455657, 33.05555979410807, 21.57407689977575, 12.5]",3.981480775,10.0,28.203705681694878,"[0.8333347461841722, 9.814816934091075, 17.22222434149848, 27.592595418294273, 26.759260672110095, 35.83333757188585, 33.42592451307509, 45.55555979410808, 33.611113936812785, 51.388888888888886]",36.7592635,11.0,17.53703717832212,"[3.0555548491301376, 11.11111111111111, 17.407406700981987, 13.425925925925924, 33.333333333333336, 32.407407407407405, 22.592594005443434, 14.166665960241248, 20.74074215359158, 7.129630336055048]",,11.0,22.70370483398437,"[5.740741447166159, 10.648148148148145, 8.055556261980973, 14.259260672110097, 17.9629643758138, 27.12963245533131, 24.907408820258247, 28.148149560998988, 50.370371783221216, 39.81481481481482]",,10.0,18.25926003632722,"[2.314814814814814, 12.314814108389394, 7.314816227665655, 24.629628216778794, 12.777777071352359, 5.000001412850841, 20.00000211927626, 29.814819053367337, 36.01851993136936, 32.407407407407405]",28.88889313,10.0,12.472222999290182,"[1.2962977091471373, 7.2222215157968, 6.38889030173973, 3.148149560998986, 15.925926632351345, 7.96296508223922, 20.462961550112123, 3.2407407407407387, 23.703702290852863, 35.37037460892289]",28.24074074,4.0,36.34259347562437,"[1.481483600757738, 30.833336159035007, 53.33333192048249, 59.72222222222222]",56.3888903
PG47,3.0,90.95679389105902,"[83.88889454029224, 90.18519366229022, 98.79629347059462]",96.66667514,5.0,89.68518857602719,"[83.70371218080874, 88.05556120695891, 86.94445292154948, 92.7777749520761, 96.94444161874276]",97.03703986,5.0,86.4074099505389,"[77.59259541829427, 78.8888931274414, 90.92592310022425, 87.77778060347944, 96.8518575032552]",96.2962963,4.0,89.74537672819913,"[82.96296861436632, 88.79630477340132, 91.11111958821614, 96.1111139368128]",97.77778343,4.0,90.09259541829427,"[83.98147865577981, 89.25926773636431, 92.962971440068, 94.16666384096499]",95.18518801,5.0,90.55555838125723,"[93.14815379955151, 93.33333615903501, 79.90741023310908, 88.98148713288484, 97.40740458170573]",96.48147866,5.0,93.3518558078342,"[91.57408255117912, 88.24074356644243, 97.22222222222221, 90.83333898473668, 98.88889171459057]",98.24074639,5.0,89.94444953070744,"[81.0185185185185, 80.92593440303095, 92.03704551414206, 96.75925925925925, 98.98148995858651]",98.79629347,5.0,88.74074300130209,"[86.57407407407408, 86.38889171459057, 86.94445292154948, 89.6296324553313, 94.16666384096499]",88.98148713,5.0,85.75926038953993,"[85.3703675446687, 85.00000282570169, 80.55555555555556, 88.42592592592592, 89.4444500958478]",96.8518575,7.0,67.0370374407087,"[60.000002825701685, 62.59259117974175, 61.666665253815836, 68.9814814814815, 71.01852275707104, 71.38888747603804, 73.61111111111111]",95.55555273,7.0,73.78307019591963,"[68.33333615903501, 67.77778201633029, 68.88889030173972, 74.44444585729528, 75.09259117974175, 78.61111252396196, 83.33333333333333]",94.53704269,5.0,74.01852077907986,"[69.53703562418619, 66.48148430718315, 69.7222250479239, 69.16667090521919, 95.18518801088686]",96.5740769,7.0,74.08730239464492,"[71.2962962962963, 74.53703703703704, 75.55555414270472, 72.8703746089229, 74.90740882025825, 74.16666525381584, 75.27778060347944]",98.33333051,7.0,76.37566258667638,"[69.7222250479239, 73.14814814814815, 79.62962962962963, 79.07407548692491, 72.40741164595991, 81.0185185185185, 79.62962962962963]",96.20371218,11.0,72.22222363507306,"[71.2962962962963, 75.18518942373771, 74.90740882025825, 70.0925968311451, 68.14814673529732, 70.55555979410806, 72.68518518518519, 74.62962821677878, 75.83333474618416, 68.88889030173972]",,10.0,72.42592917548286,"[78.8888931274414, 76.11111534966362, 71.6666680795175, 69.81481622766566, 68.70370794225622, 67.87037319607205, 69.7222250479239, 67.12962962962963, 67.87037319607205, 86.48148995858651]",96.8518575,10.0,73.7222233525029,"[77.50000423855252, 78.24074074074075, 75.27778060347944, 78.51852134422019, 76.48148006863065, 76.7592606721101, 76.11111534966362, 74.62962821677878, 73.70370229085287, 50.0]",98.88889171,10.0,73.32407562821,"[82.50000565140337, 82.4074074074074, 71.75925925925925, 66.57407548692491, 68.05555555555556, 72.50000282570169, 71.20370511655454, 70.37037037037037, 71.57407689977575, 76.29629770914714]",74.44444586,9.0,72.47942622306417,"[73.14814814814815, 77.03704127558954, 78.51852134422019, 73.33333757188585, 72.40741164595991, 70.64815097384982, 68.42592733877677, 70.83333333333334, 67.96296437581381]",78.88889313
PG48,10.0,70.2777784842032,"[59.814813401963974, 62.77778060347945, 65.64814956099897, 61.85185467755353, 68.79629912199798, 72.8703746089229, 79.25925784640842, 79.16666666666667, 72.77777636492694, 79.81481198911314]",78.7037037,2.0,65.37036895751953,[65.37036895751953],55.00000141,7.0,75.02645563196253,"[69.62963386818215, 73.51851993136935, 74.53703703703704, 64.44444303159361, 78.7037037037037, 83.05555272985387, 81.29629912199798]",75.83333475,8.0,74.17824268341064,"[68.14814673529732, 73.79630053484881, 71.75925925925925, 81.29629912199798, 76.66666949236834, 64.35185185185185, 77.50000423855252, 79.90741023310908]",73.14814815,10.0,77.73148360075774,"[68.79629912199798, 76.11111534966362, 81.4814814814815, 80.0925925925926, 70.74074215359158, 77.77777777777779, 77.03704127558954, 83.98147865577981, 79.44444727014613, 81.85186032895689]",81.48148148,10.0,72.55555823997214,"[64.0740783126266, 62.40740882025825, 56.20370794225622, 69.44444444444444, 74.35185467755353, 76.38888888888889, 68.05555555555556, 84.62963810673467, 83.24074921784577, 86.75925643355757]",76.38888889,8.0,79.72222522453026,"[79.44444727014613, 69.81481622766566, 76.01851710566767, 77.77777777777779, 75.18518942373771, 83.6111139368128, 87.59259824399595, 88.33334181043837]",86.48148996,8.0,73.85416913915563,"[61.944445857295285, 65.55555838125724, 70.64815097384982, 73.05555696840639, 80.00000847710503, 75.74074356644243, 81.66666384096499, 82.2222250479239]",88.88888889,10.0,76.80555696840639,"[58.70370511655454, 60.18518518518518, 69.07407266122323, 79.35185609040437, 75.74074356644243, 82.2222250479239, 83.51851569281685, 75.83333474618416, 88.79630477340132, 94.62962680392795]",82.03704269,9.0,73.76543445351683,"[58.796296296296305, 68.24074497929325, 70.27777919062862, 75.55555414270472, 75.09259117974175, 81.38889736599393, 71.2962962962963, 78.61111252396196, 84.62963810673467]",80.83333616,10.0,62.17592663235134,"[52.87036895751953, 54.53703844988787, 56.94444444444444, 61.481482894332316, 63.42592592592593, 66.3888931274414, 62.40740882025825, 67.96296437581381, 69.07407266122323, 66.66666666666666]",59.72222222,10.0,59.675928045202184,"[51.66666949236834, 56.20370794225622, 58.24074215359158, 58.88888747603806, 57.2222250479239, 62.314817640516495, 64.6296324553313, 61.75926349781178, 60.740739327889905, 65.09259541829428]",58.61111394,11.0,58.42592733877676,"[52.03704127558956, 53.79629488344546, 58.14815097384982, 61.111111111111114, 62.03703703703704, 62.870371783221216, 61.85185467755353, 55.37037319607205, 56.11110969826028, 60.9259287516276]",,7.0,58.83598024882968,"[59.25925925925925, 58.333333333333336, 59.16666807951751, 55.092592592592595, 62.68518942373771, 56.666670905219185, 60.64814814814815]",64.90740599,10.0,60.24074271873191,"[53.98148430718316, 56.20370794225622, 58.796296296296305, 63.79629770914713, 67.40741023310909, 62.314817640516495, 56.57407266122323, 62.314817640516495, 58.24074215359158, 62.77778060347945]",62.03703704,9.0,55.231482894332316,"[51.85185185185185, 55.740744979293254, 56.481481481481474, 48.42592875162761, 60.277776364926936, 55.00000141285084, 59.90741164595993, 54.166666666666664]",65.83333192,10.0,57.861112665247035,"[55.092592592592595, 56.85185326470269, 55.37037319607205, 54.35185609040437, 57.870370370370374, 61.111111111111114, 56.481481481481474, 58.981485720034, 62.96296296296296, 59.537039862738716]",55.74074498,10.0,54.24074172973633,"[53.24074074074075, 54.07407548692491, 51.66666949236834, 55.27778201633029, 51.388888888888886, 53.148149560998995, 51.85185185185185, 56.94444444444444, 57.77777919062862, 57.037035624186196]",61.11111111,10.0,55.62037079422562,"[53.61111252396194, 56.018518518518526, 58.88888747603806, 53.79629488344546, 56.57407266122323, 54.25925784640842, 55.83333615903501, 52.12963245533131, 57.68518801088687, 57.407407407407405]",55.27778202,9.0,59.567902804402166,"[56.018518518518526, 53.33333192048249, 56.85185326470269, 61.944445857295285, 59.074076899775754, 60.000002825701685, 61.666665253815836, 61.75926349781178, 65.46296720151548]",63.98148007
PG49,3.0,58.3950654959973,"[36.388891714590564, 56.296299121997976, 82.50000565140337]",91.75926491,2.0,29.72222080937138,[29.72222080937138],73.24073933,3.0,60.86420129846643,"[32.68518801088687, 57.870370370370374, 92.03704551414206]",93.05555556,3.0,57.28395485583647,"[31.85185326470269, 54.90741023310909, 85.09260106969762]",91.29630195,3.0,62.561727453161176,"[36.481482894332316, 60.740739327889905, 90.46296013726128]",78.98148431,4.0,49.90741058632179,"[34.44444868299696, 55.740744979293254, 36.481482894332316, 72.96296578866463]",73.79630053,3.0,62.74691452214747,"[40.00000423855251, 62.129628216778784, 86.11111111111111]",93.05555556,3.0,59.9691367443697,"[31.20370794225622, 59.814813401963974, 88.88888888888889]",91.75926491,3.0,60.123460086775424,"[28.888893127441406, 60.18518518518518, 91.29630194769966]",91.57408255,4.0,47.245371783221216,"[35.740739327889905, 41.85185609040437, 34.72222222222222, 76.66666949236834]",81.57407973,4.0,48.84259435865614,"[31.01851851851852, 50.370371783221216, 43.240744979293254, 70.74074215359158]",72.68518519,3.0,54.783955326786746,"[32.59259683114511, 46.66666807951751, 85.09260106969762]",78.33333192,3.0,50.37037178322121,"[23.796300534848815, 49.62962821677879, 77.68518659803603]",79.62962963,4.0,57.083334746184164,"[22.314813401963974, 42.31481905336733, 75.27778060347944, 88.42592592592592]",81.48148148,3.0,47.31481575671537,"[24.074074074074076, 45.64815097384983, 72.22222222222221]",74.53703704,4.0,60.694447270146114,"[25.0, 49.90740882025825, 75.83333474618416, 92.03704551414206]",85.55556403,4.0,60.39352063779478,"[25.555554142704718, 50.74074356644241, 72.77777636492694, 92.50000847710503]",81.66666384,4.0,48.84259435865614,"[22.037039862738716, 49.814817640516495, 44.074072661223234, 79.44444727014613]",77.31481481,9.0,51.35802594722544,"[25.462962962962965, 48.98148289433232, 46.85185043900101, 30.277782016330296, 57.037035624186196, 43.98148148148148, 65.27777777777779, 65.00000423855252, 79.35185609040437]",77.22222364,4.0,50.71759312241166,"[19.537039156313295, 34.35185043900101, 60.5555569684064, 88.42592592592592]",92.59259259
PG50,3.0,52.83950617283951,"[9.166666666666668, 54.53703703703704, 94.81481481481482]",85.55555556,4.0,50.02314814814815,"[5.37037037037037, 62.77777777777778, 41.01851851851852, 90.92592592592592]",85.18518519,2.0,49.25925925925926,"[11.11111111111111, 87.4074074074074]",83.24074074,1.0,85.55555555555556,[85.55555555555556],85.83333333,2.0,45.87962962962963,"[8.611111111111114, 83.14814814814815]",86.75925926,5.0,48.24074074074074,"[7.12962962962963, 31.48148148148148, 37.22222222222222, 65.46296296296296, 99.9074074074074]",92.87037037,1.0,97.5,[97.5],99.72222222,1.0,26.944444444444443,[26.944444444444443],90.64814815,3.0,38.364197530864196,"[6.481481481481483, 10.462962962962962, 98.14814814814814]",98.05555556,2.0,60.69444444444444,"[22.962962962962962, 98.42592592592592]",99.16666667,2.0,56.157407407407405,"[12.87037037037037, 99.44444444444444]",88.7962963,3.0,41.94444444444445,"[11.759259259259258, 14.351851851851855, 99.72222222222223]",98.88888889,3.0,63.14814814814815,"[25.555555555555554, 64.90740740740742, 98.98148148148148]",99.35185185,3.0,64.22839506172839,"[26.203703703703706, 67.5, 98.98148148148148]",99.35185185,2.0,55.092592592592595,"[10.462962962962962, 99.72222222222223]",99.25925926,5.0,47.33333333333333,"[10.27777777777778, 20.462962962962962, 48.24074074074074, 58.14814814814815, 99.53703703703704]",96.75925926,1.0,97.96296296296296,[97.96296296296296],98.24074074,2.0,62.87037037037037,"[26.944444444444443, 98.79629629629629]",98.14814815,1.0,99.07407407407408,[99.07407407407408],98.7962963,3.0,86.75925925925925,"[62.03703703703704, 99.07407407407408, 99.16666666666667]",98.05555556
PG51,3.0,79.62963198438104,"[75.0, 77.87036895751953, 86.01852699562356]",89.7222307,5.0,74.90740882025825,"[72.77777636492694, 76.5740783126266, 65.00000423855252, 75.92592592592592, 84.25925925925925]",81.94444444,5.0,83.74074441415291,"[76.48148006863065, 82.31482329191985, 88.61110828540943, 80.462971440068, 90.83333898473668]",90.27777778,4.0,83.05555979410808,"[73.88889171459057, 79.16666666666667, 86.94445292154948, 92.22222787362557]",90.83333898,4.0,86.5046324553313,"[79.90741023310908, 85.3703675446687, 88.70370652940538, 92.03704551414206]",93.88889737,6.0,82.76234968208972,"[81.38889736599393, 83.88889454029224, 70.74074215359158, 81.66666384096499, 86.85185467755353, 92.03704551414206]",88.70370653,2.0,84.1666680795175,"[81.11111676251447, 87.22221939652056]",83.14815097,1.0,,[],87.12963528,4.0,87.59259471186886,"[82.50000565140337, 86.48148995858651, 88.61110828540943, 92.7777749520761]",91.48148431,6.0,86.3117335755148,"[82.50000565140337, 88.70370652940538, 80.37037319607205, 85.09260106969762, 89.16666949236834, 92.03704551414206]",89.62963246,10.0,55.972224341498475,"[53.148149560998995, 72.68518518518519, 60.277776364926936, 49.722226460774735, 53.61111252396194, 67.77778201633029, 50.64815238670066, 49.53703703703704, 52.03704127558956, 50.277780603479464]",48.79630053,7.0,68.63756734858114,"[52.87036895751953, 63.888888888888886, 75.18518942373771, 66.66666666666666, 77.22222363507306, 67.03703844988787, 77.59259541829427]",73.61111111,4.0,68.10185114542642,"[51.481480068630646, 64.6296324553313, 76.01851710566767, 80.2777749520761]",79.72222787,10.0,63.20370568169487,"[53.98148430718316, 63.61111534966363, 74.8148176405165, 60.09259400544343, 55.092592592592595, 67.5925925925926, 76.7592606721101, 69.99999858714916, 59.90741164595993, 50.1851894237377]",50.37037178,6.0,70.01543398256655,"[50.46296296296296, 61.85185467755353, 71.6666680795175, 81.66666384096499, 73.05555696840639, 81.38889736599393]",76.29629771,10.0,60.592594146728516,"[50.370371783221216, 62.68518942373771, 75.09259117974175, 70.18518801088686, 76.11111534966362, 65.09259541829428, 55.55555555555556, 50.555554142704715, 50.0, 50.277780603479464]",50.92592593,8.0,61.45833421636511,"[50.370371783221216, 51.57407831262659, 58.796296296296305, 64.2592606721101, 60.277776364926936, 70.46296155011213, 64.90740599455657, 71.01852275707104]",59.62963104,10.0,57.416667231807004,"[51.018517105667684, 63.333334746184164, 57.870370370370374, 68.61110969826028, 61.111111111111114, 49.90740882025825, 53.61111252396194, 60.5555569684064, 55.740744979293254, 52.40740599455657]",53.33333192,10.0,55.00925982439959,"[55.64814673529731, 62.96296296296296, 57.407407407407405, 51.20370652940538, 54.44444727014612, 50.277780603479464, 52.87036895751953, 51.29629770914713, 53.33333192048249, 60.64814814814815]",62.03703704,6.0,60.432100884708355,"[52.03704127558956, 50.64815238670066, 56.018518518518526, 63.70370652940538, 69.9074074074074, 70.27777919062862]",62.59259118
PG52,6.0,56.11111087563597,"[32.407407407407405, 45.27777919062862, 53.61111252396194, 59.351850439001005, 69.53703562418619, 76.48148006863065]",77.9629672,6.0,51.4506192854893,"[18.240741447166158, 41.01852134422019, 38.24074356644242, 56.666670905219185, 72.12963104248047, 82.4074074074074]",79.72222787,6.0,70.63271675580813,"[60.277776364926936, 69.99999858714916, 70.55555979410806, 71.38888747603804, 72.68518518518519, 78.8888931274414]",73.33333757,7.0,56.679896198252514,"[19.814816227665656, 30.740744979293254, 44.074072661223234, 54.81481905336734, 82.77778625488281, 78.7037037037037, 85.83333050763166]",84.25925926,9.0,51.872428062030814,"[15.833335452609592, 22.77777636492694, 32.870370370370374, 46.38888747603805, 50.92592592592593, 62.129628216778784, 76.94444303159361, 70.27777919062862, 88.70370652940538]",85.64814815,8.0,42.78935326470269,"[10.555556968406393, 25.83333474618417, 22.314813401963974, 39.07407831262659, 50.92592592592593, 60.83333757188585, 53.61111252396194, 79.16666666666667]",71.94444868,8.0,51.53935176354867,"[11.38888818246347, 20.833333333333332, 36.57407407407407, 47.22222222222222, 58.796296296296305, 71.11111393681279, 81.94444444444444, 84.44444161874276]",90.55555838,7.0,49.44444686647445,"[6.944444444444442, 21.666668079517503, 36.75926349781178, 50.92592592592593, 67.77778201633029, 74.90740882025825, 87.12963528103299]",81.11111676,8.0,51.55092742707994,"[7.4074074074074066, 15.370372489646627, 36.944445857295285, 48.14814814814815, 61.111111111111114, 80.0925925925926, 77.1296324553313, 86.20370935510707]",86.38889171,10.0,55.85185510140879,"[9.166668079517503, 29.444447270146124, 24.25926349781178, 43.70370794225622, 54.90741023310909, 66.48148430718315, 70.37037037037037, 81.29629912199798, 87.3148176405165, 91.57408255117912]",94.81482329,10.0,33.379630689267756,"[6.944444444444442, 14.907409526683669, 18.98148148148148, 29.07407548692491, 39.35185185185185, 44.166670905219185, 50.64815238670066, 41.66666666666667, 33.88888747603805, 54.166666666666664]",53.61111252,7.0,37.261905872001854,"[6.296295589870876, 21.38888747603805, 31.48148148148148, 39.53704127558956, 52.12963245533131, 44.25926208496094, 65.74074074074075]",57.03703562,9.0,36.450617990376045,"[5.000001412850841, 15.555554849130138, 22.685185185185187, 38.88888888888889, 45.27777919062862, 35.37037460892289, 54.53703844988787, 61.20370229085287, 49.53703703703704]",57.03703562,10.0,33.58333446361401,"[8.981482187906902, 13.055557674831814, 25.462962962962965, 32.407407407407405, 24.16666525381583, 39.62963245533131, 52.59259541829427, 57.31481622766565, 41.66666666666667, 40.555558381257235]",43.33333616,8.0,47.268520019672536,"[7.500002119276261, 24.35185467755353, 31.111109698260275, 47.96296578866464, 52.962967201515475, 64.72222363507306, 68.33333615903501, 81.20370087800202]",75.09259118,4.0,31.296297355934428,"[19.90740740740741, 20.74074215359158, 35.37037460892289, 49.16666525381583]",50.18518942,8.0,29.32870432182595,"[5.9259273387767655, 18.425927338776766, 17.7777784842032, 23.703702290852863, 26.666669492368346, 45.370370370370374, 46.75925925925926, 50.0]",13.14814885,9.0,37.0473253383558,"[13.425925925925924, 18.148150267424406, 25.0, 34.16666807951751, 35.09259400544343, 44.5370356241862, 49.444445857295285, 52.87036895751953, 60.740739327889905]",44.44444444,6.0,32.530865845856844,"[12.870371783221207, 17.037038449887877, 25.648152386700662, 36.57407407407407, 47.50000282570168, 55.55555555555556]",59.0740769,10.0,43.21296515288176,"[9.259259259259261, 15.092591886167172, 28.148149560998988, 36.388891714590564, 39.259260672110095, 61.388891714590564, 52.685186598036026, 50.64815238670066, 66.85185609040437, 72.40741164595991]",71.2962963
PG53,3.0,42.868077338326636,"[14.060909957222817, 48.48146489510416, 66.06185716265294]",84.19740302,5.0,37.58162363054667,"[6.288523452987121, 38.48840254137152, 26.7372977253461, 42.282064262741685, 74.11183017028692]",83.08708289,3.0,44.47190327898819,"[10.082188409895188, 47.46365526556548, 75.86986616150391]",77.9980218,3.0,40.308125141240986,"[20.908010273822747, 39.87632535174935, 60.14003979815086]",66.61701723,1.0,14.153436634663652,[14.153436634663652],21.18559354,5.0,42.09700896653727,"[15.078719586761508, 36.17519354335793, 29.51314981717757, 58.289473893955126, 71.4285079914342]",77.53537871,3.0,31.949728796958237,"[6.566109956385436, 31.826358815191156, 57.45671761929812]",77.90547248,3.0,29.790730928012696,"[4.437957548791416, 30.716019272673723, 54.218215962572955]",72.16873435,3.0,37.038788808290654,"[12.210340817489202, 30.993602540534138, 67.91242306684863]",81.42157035,5.0,47.77824920440222,"[18.317205065797136, 40.52402180044891, 43.20735045037743, 59.58487326243004, 77.25779544295757]",85.12270215,5.0,41.96746514704429,"[21.093057157628607, 33.491864893429394, 34.87979417488303, 37.00794334693914, 83.36466616234128]",85.77040507,3.0,30.654325114432794,"[5.178180674931799, 15.633882886944411, 71.15091178142218]",68.28253625,3.0,17.36108312342358,"[15.078719586761508, 16.003996067783554, 21.000533715725677]",85.30776198,1.0,,[],32.93669836,3.0,22.54267628327265,"[7.121276492106244, 20.445367180004876, 40.061385177706825]",51.90500696,3.0,34.01619459589977,"[17.484455262215924, 22.38846299717932, 62.175665528304044]",72.63137745,9.0,40.92497972363113,"[21.46317033846775, 31.456245634352015, 37.378056527778284, 24.886725350074585, 22.75857617801846, 52.83029962327094, 31.363715721373275, 64.02623143249974, 82.16179670684514]",68.18999986,4.0,35.388698180767896,"[10.822414771573474, 32.93669835770858, 39.32115234495273, 58.474527248836814]",70.9658649,10.0,37.41506752230841,"[13.690790305307871, 35.43496071060383, 31.456245634352015, 26.552231428312822, 47.926291888307546, 37.47057996968122, 48.8515716048675, 31.086132453512878, 54.95844879532705, 46.72342243281138]",51.44237034,4.0,40.10764528088934,"[19.890187702132444, 21.370653367640635, 55.236038534263265, 63.933701519521]",67.54230989
PG54,3.0,25.03086608133198,"[22.592594005443434, 26.851851851851848, 25.648152386700662]",74.2592635,4.0,43.9351858916106,"[27.962967201515475, 36.66666525381583, 19.444444444444443, 91.66666666666667]",94.25926208,2.0,68.75,"[46.574076899775754, 90.92592310022425]",77.40740599,2.0,63.4722250479239,"[47.87037460892289, 79.07407548692491]",74.2592635,2.0,62.59259117974176,"[41.66666666666667, 83.51851569281685]",87.7777806,2.0,67.82407760620117,"[47.314813401963974, 88.33334181043837]",81.11111676,2.0,68.05555908768265,"[42.9629643758138, 93.14815379955151]",81.66666384,2.0,65.04629629629629,"[45.64815097384983, 84.44444161874276]",82.77778625,2.0,64.67593157732928,"[41.01852134422019, 88.33334181043837]",70.18518801,4.0,61.96759365223072,"[48.61111111111111, 57.870370370370374, 49.90740882025825, 91.48148430718315]",85.74074639,2.0,47.91666666666667,"[47.314813401963974, 48.51851993136936]",57.87037037,2.0,72.40740811383283,"[49.444445857295285, 95.37037037037037]",62.87037178,3.0,48.580249739281925,"[17.129629629629626, 44.907407407407405, 83.70371218080874]",71.48148572,2.0,66.80555696840639,"[48.42592875162761, 85.18518518518519]",63.33333475,2.0,55.138891714590564,"[49.814817640516495, 60.46296578866463]",42.12962963,1.0,47.12963104248047,[47.12963104248047],44.53703562,1.0,51.20370652940538,[51.20370652940538],52.59259542,1.0,64.44444303159361,[64.44444303159361],36.94444586,1.0,31.574072661223234,[31.574072661223234],48.24073933,1.0,68.14814673529732,[68.14814673529732],63.14815239
PG55,8.0,60.64814814814815,"[25.370371783221213, 43.05555555555556, 57.870370370370374, 43.14814673529731, 74.16666525381584, 81.66666384096499, 76.7592606721101, 83.14815097384982]",87.2222194,4.0,65.23148395397045,"[59.44444868299696, 70.46296155011213, 50.09259117974175, 80.92593440303095]",70.74074215,4.0,59.490742506804295,"[28.518521344220193, 63.42592592592593, 81.57407972547743, 64.44444303159361]",71.01852276,4.0,67.45370582297997,"[57.5925968311451, 66.66666666666666, 72.68518518518519, 72.8703746089229]",90.83333898,3.0,77.59259541829427,"[62.314817640516495, 79.16666666666667, 91.29630194769966]",99.7222194,7.0,71.82539884375517,"[64.81481481481481, 84.72222222222221, 51.57407831262659, 70.55555979410806, 79.90741023310908, 91.2037037037037, 60.000002825701685]",83.98147866,5.0,66.22222476535373,"[59.074076899775754, 67.12962962962963, 68.70370794225622, 59.90741164595993, 76.29629770914714]",73.61111111,2.0,71.29629629629629,"[63.888888888888886, 78.7037037037037]",77.9629672,2.0,72.4537037037037,"[63.70370652940538, 81.20370087800202]",86.48148996,5.0,78.07407520435474,"[63.518517105667684, 76.38888888888889, 66.3888931274414, 91.48148430718315, 92.5925925925926]",97.59260107,6.0,65.5864221078378,"[49.722226460774735, 56.85185326470269, 61.481482894332316, 67.12962962962963, 77.40740599455657, 80.92593440303095]",94.25926208,3.0,66.2037060584551,"[52.03704127558956, 62.5, 84.07407689977575]",90.37037602,3.0,66.14197625054253,"[52.962967201515475, 63.333334746184164, 82.12962680392795]",86.29629347,3.0,65.74074309549214,"[50.0, 63.79629770914713, 83.42593157732928]",90.46296014,4.0,73.24074462608054,"[51.85185185185185, 65.37036895751953, 84.62963810673467, 91.11111958821614]",86.29629347,9.0,70.23662677027072,"[51.11111534966363, 61.85185467755353, 77.31481481481481, 75.18518942373771, 82.59258976689092, 83.05555272985387, 64.35185185185185, 67.87037319607205, 68.79629912199798]",53.51852134,5.0,62.870373196072045,"[53.51852134422019, 62.22222646077474, 59.16666807951751, 67.87037319607205, 71.57407689977575]",61.66666525,3.0,57.870370370370374,"[54.25925784640842, 62.03703703703704, 57.31481622766565]",62.12962822,11.0,68.00926067211012,"[51.9444430315936, 58.51852275707103, 54.81481905336734, 59.814813401963974, 67.22222080937138, 69.25926208496094, 76.38888888888889, 79.35185609040437, 80.64815379955151, 82.12962680392795]",,3.0,65.0000042385525,"[55.740744979293254, 65.00000423855252, 74.25926349781177]",70.37037037
PG56,6.0,60.16975508795846,"[15.092591886167172, 33.14815097384983, 62.22222646077474, 63.888888888888886, 87.12963528103299, 99.53703703703704]",99.81481764,5.0,56.38888959531431,"[12.685185891610606, 45.83333333333333, 51.66666949236834, 72.96296578866463, 98.79629347059462]",99.90741588,5.0,57.14815069127966,"[10.092594005443434, 32.49999858714916, 67.5925925925926, 76.5740783126266, 98.98148995858651]",99.25925643,4.0,60.92592521950051,"[12.962962962962965, 49.074074074074076, 82.59258976689092, 99.07407407407408]",99.44445292,4.0,58.240743919655124,"[13.425925925925924, 45.09259683114511, 75.46296296296296, 98.98148995858651]",99.53703704,5.0,53.481484165898074,"[8.888891008165146, 35.9259287516276, 49.074074074074076, 74.07407407407408, 99.44445292154948]",98.98148996,5.0,66.16666652538159,"[15.092591886167172, 49.814817640516495, 80.37037319607205, 87.22221939652056, 98.33333050763166]",98.88889171,3.0,50.956793184633604,"[10.833334039758752, 44.7222250479239, 97.31482046621818]",98.98148996,3.0,51.1728416254491,"[10.833334039758752, 43.796299121997976, 98.88889171459057]",96.20371218,4.0,53.44907531031856,"[11.666668785942925, 54.72222080937138, 53.33333192048249, 94.07407972547743]",97.77778343,5.0,38.05555767483181,"[6.111113230387372, 12.314814108389394, 19.629630336055047, 54.44444727014612, 97.77778342918113]",97.68518519,3.0,34.413581424289276,"[4.814815521240234, 15.277777777777779, 83.14815097384982]",87.31481764,3.0,38.61111417228793,"[8.055556261980973, 16.666666666666668, 91.11111958821614]",85.27778343,6.0,49.32098918490939,"[8.425928045202186, 15.277777777777779, 56.018518518518526, 59.62963104248047, 66.48148430718315, 90.09259541829427]",80.55555556,4.0,44.259261201929164,"[11.666668785942925, 21.38888747603805, 47.777776364926936, 96.20371218080874]",93.24073792,5.0,46.90740726612232,"[7.685184478759766, 29.07407548692491, 47.12963104248047, 55.55555555555556, 95.09258976689092]",84.81482047,5.0,25.16203897970694,"[10.833334039758752, 17.59259259259259, 28.98148430718316, 43.240744979293254]",58.05555979,4.0,19.969138392695672,"[8.425928045202186, 22.96296578866464, 28.518521344220193]",61.57407407,10.0,49.490742506804295,"[10.277779897054035, 20.648150973849827, 26.851851851851848, 31.20370794225622, 48.14814814814815, 58.611113936812785, 66.29629488344546, 69.99999858714916, 75.92592592592592, 86.94445292154948]",85.55556403,4.0,31.99074180037887,"[8.518519224943939, 15.000000706425421, 43.796299121997976, 60.64814814814815]",90.83333898
PG57,5.0,58.074073791503906,"[50.92592592592593, 49.53703703703704, 58.88888747603806, 51.759260672110095, 79.25925784640842]",99.7222194,4.0,50.13889030173972,"[49.814817640516495, 50.555554142704715, 50.0, 50.1851894237377]",99.90741588,6.0,48.88888935983917,"[38.88888888888889, 47.777776364926936, 58.333333333333336, 40.74074074074075, 57.68518801088687, 49.90740882025825]",99.7222194,4.0,74.14352099100749,"[51.20370652940538, 61.29630053484881, 84.72222222222221, 99.35185467755353]",99.90741588,4.0,74.88426279138636,"[51.66666949236834, 62.03703703703704, 86.20370935510707, 99.62963528103299]",99.81481764,5.0,63.01852049650969,"[50.555554142704715, 60.000002825701685, 42.129629629629626, 62.5, 99.90741588451245]",99.35185468,6.0,62.60802775253484,"[53.61111252396194, 73.51851993136935, 93.61111676251447, 33.70370511655454, 70.0925968311451, 51.11111534966363]",87.2222194,2.0,99.62963528103299,"[99.62963528103299, 99.62963528103299]",99.81481764,4.0,54.62963139569318,"[49.62962821677879, 50.277780603479464, 50.74074356644241, 67.87037319607205]",99.44445292,11.0,72.60185453626845,"[48.98148289433232, 61.388891714590564, 63.333334746184164, 66.3888931274414, 67.03703844988787, 79.90741023310908, 58.981485720034, 94.35186032895689, 86.29629347059462, 99.35185467755353]",,3.0,50.13889030173972,"[50.74074356644241, 49.53703703703704]",53.51852134,7.0,65.21164222999855,"[51.11111534966363, 56.38889030173972, 65.46296720151548, 65.46296720151548, 59.351850439001005, 64.44444303159361, 94.25926208496094]",96.01851569,5.0,58.981483953970454,"[51.20370652940538, 34.814813401963974, 65.09259541829428, 84.81482046621818]",99.44445292,3.0,58.02469371277609,"[32.77777919062862, 50.0, 91.29630194769966]",99.25925643,6.0,58.91975473474574,"[50.83333474618418, 49.814817640516495, 52.77777777777778, 67.22222080937138, 48.98148289433232, 83.88889454029224]",99.90741588,5.0,69.98148317690249,"[48.98148289433232, 66.2037037037037, 83.88889454029224, 51.018517105667684, 99.8148176405165]",99.7222194,4.0,69.38271934603468,"[56.018518518518526, 69.16667090521919, 82.96296861436632]",53.61111252,4.0,64.79167055200648,"[44.81481622766565, 60.83333757188585, 59.90741164595993, 93.61111676251447]",99.44445292,9.0,59.52674881420998,"[52.77777777777778, 59.351850439001005, 50.277780603479464, 45.370370370370374, 79.25925784640842, 64.90740599455657, 60.18518518518518, 73.51851993136935, 50.09259117974175]",49.81481764,1.0,73.05555696840639,[73.05555696840639],84.72222222
PG58,6.0,69.64506337672104,"[51.11111534966363, 61.666665253815836, 72.12963104248047, 62.03703703703704, 80.462971440068, 90.46296013726128]",78.7037037,4.0,56.0493845998505,"[49.53703703703704, 58.981485720034, 59.62963104248047]",73.05555697,3.0,69.938271133988,"[53.61111252396194, 65.27777777777779, 90.92592310022425]",90.64815663,4.0,70.78703774346246,"[52.12963245533131, 64.2592606721101, 76.29629770914714, 90.46296013726128]",84.62963811,4.0,56.17284186092423,"[51.11111534966363, 53.05555838125723, 64.35185185185185]",94.53704269,3.0,60.41666666666667,"[50.555554142704715, 70.27777919062862]",84.0740769,5.0,74.07407689977575,"[48.240739327889905, 64.72222363507306, 82.87037037037037, 81.85186032895689, 92.68519083658855]",94.16666384,3.0,51.388888888888886,"[52.77777777777778, 50.0]",87.03703704,2.0,60.64814814814815,[60.64814814814815],95.55555273,6.0,79.79938483532565,"[65.74074074074075, 81.57407972547743, 73.98148289433232, 76.38888888888889, 87.12963528103299, 93.9814814814815]",82.22222505,10.0,56.92592691492151,"[36.944445857295285, 50.277780603479464, 43.05555555555556, 53.148149560998995, 63.055554142704715, 72.12963104248047, 66.29629488344546, 61.75926349781178, 54.72222080937138, 67.87037319607205]",59.35185044,3.0,46.06481481481482,"[45.27777919062862, 46.85185043900101]",74.90740882,10.0,74.32407591078018,"[48.240739327889905, 56.018518518518526, 67.40741023310909, 76.29629770914714, 84.1666751437717, 73.98148289433232, 88.14814532244647, 82.50000565140337, 73.4259287516276, 93.05555555555556]",86.11111111,11.0,64.916667231807,"[49.53703703703704, 53.51852134422019, 60.18518518518518, 63.42592592592593, 57.407407407407405, 67.68518377233434, 71.57407689977575, 70.37037037037037, 73.33333757188585, 82.12962680392795]",,10.0,71.56481636895073,"[49.62962821677879, 57.77777919062862, 66.57407548692491, 74.35185467755353, 70.27777919062862, 77.77777777777779, 76.5740783126266, 84.44444161874276, 76.66666949236834, 81.57407972547743]",75.09259118,10.0,56.694446139865455,"[49.444445857295285, 50.64815238670066, 54.90741023310909, 47.777776364926936, 67.50000141285084, 64.44444303159361, 65.55555838125724, 51.11111534966363, 66.11111252396196, 49.444445857295285]",49.81481764,8.0,59.14352028458207,"[49.814817640516495, 51.11111534966363, 51.29629770914713, 50.277780603479464, 54.81481905336734, 61.666665253815836, 68.05555555555556, 86.11111111111111]",71.48148572,3.0,52.870372489646634,"[50.83333474618418, 54.90741023310909]",74.53703704,10.0,54.13889001916957,"[51.29629770914713, 57.407407407407405, 51.57407831262659, 46.75925925925926, 58.88888747603806, 51.759260672110095, 56.57407266122323, 50.370371783221216, 59.074076899775754, 57.68518801088687]",63.42592593,10.0,57.092593864158346,"[50.0, 51.388888888888886, 49.25926349781178, 60.83333757188585, 49.53703703703704, 65.74074074074075, 56.11110969826028, 48.61111111111111, 71.481485720034, 67.96296437581381]",73.79630053
PG59,10.0,59.287039085670756,"[13.055557674831814, 25.277780603479457, 38.055554142704715, 50.1851894237377, 65.00000423855252, 70.64815097384982, 76.66666949236834, 79.62962962962963, 84.44444161874276, 89.90741305881076]",84.90740458,10.0,47.435186527393476,"[18.51851851851852, 22.685185185185187, 14.537037743462456, 33.05555979410807, 36.57407407407407, 54.72222080937138, 55.462964375813804, 72.22222222222221, 79.44444727014613, 87.12963528103299]",82.40740741,7.0,53.6507939535474,"[13.055557674831814, 28.98148430718316, 49.62962821677879, 41.48148430718316, 67.96296437581381, 86.29629347059462, 88.14814532244647]",74.07407407,10.0,57.351853405987775,"[14.259260672110097, 27.592595418294273, 43.425927338776766, 58.24074215359158, 75.64815238670066, 59.62963104248047, 80.74073791503906, 73.05555696840639, 69.35185326470268, 71.57407689977575]",65.09259542,9.0,49.41358173825612,"[16.38888959531431, 27.314814814814813, 34.62963104248047, 42.40741023310909, 39.16666949236834, 57.2222250479239, 77.1296324553313, 69.44444444444444, 81.0185185185185]",81.20370088,10.0,54.370371853863745,"[19.07407619335033, 26.481480068630642, 25.74074356644242, 38.24074356644242, 54.81481905336734, 70.18518801088686, 62.96296296296296, 75.83333474618416, 81.20370087800202, 89.16666949236834]",84.62963811,10.0,53.870372419004084,"[14.166665960241248, 25.277780603479457, 35.83333757188585, 37.59259117974175, 51.57407831262659, 65.00000423855252, 72.8703746089229, 78.3333319204825, 73.79630053484881, 84.25925925925925]",87.40741588,8.0,57.60416940406516,"[17.68518730446144, 28.42593016447844, 41.01852134422019, 54.90741023310909, 74.72222646077475, 72.22222222222221, 81.85186032895689, 89.99999717429831]",89.7222307,9.0,56.563787107114436,"[20.555559794108074, 28.61111252396195, 37.129628216778784, 59.16666807951751, 56.296299121997976, 73.33333757188585, 78.61111252396196, 72.31481340196397, 83.05555272985387]",71.48148572,8.0,46.38889056664926,"[15.555554849130138, 27.314814814814813, 29.35185609040437, 36.29630053484881, 44.62963386818215, 63.055554142704715, 75.0, 79.90741023310908]",74.53703704,10.0,36.57407654656304,"[15.555554849130138, 25.648152386700662, 24.444445857295282, 32.68518801088687, 43.333336159035014, 45.55555979410808, 35.37037460892289, 39.62963245533131, 54.90741023310909, 48.61111111111111]",47.59259401,10.0,47.185187516389064,"[11.203705822979964, 25.185189423737704, 34.814813401963974, 37.77778060347946, 50.64815238670066, 48.888891714590564, 58.796296296296305, 59.537039862738716, 67.96296437581381, 77.03704127558954]",74.81481764,8.0,48.32176058380692,"[15.092591886167172, 27.12963245533131, 37.870371783221216, 52.685186598036026, 57.407407407407405, 56.75926208496094, 68.14814673529732, 71.481485720034]",73.88889171,10.0,45.5185204965097,"[15.277777777777779, 25.648152386700662, 36.75926349781178, 43.333336159035014, 38.33333474618417, 45.46296155011213, 56.85185326470269, 56.75926208496094, 68.9814814814815, 67.77778201633029]",64.81481481,10.0,48.64814864264594,"[14.537037743462456, 27.87036895751953, 32.77777919062862, 48.14814814814815, 45.09259683114511, 56.481481481481474, 52.12963245533131, 67.22222080937138, 63.518517105667684, 78.7037037037037]",71.2962963,10.0,53.27778003833912,"[15.277777777777779, 33.240742153591576, 41.388893127441406, 48.79630053484881, 55.27778201633029, 60.277776364926936, 70.92592451307509, 60.37037460892288, 74.35185467755353, 72.8703746089229]",75.64815239,10.0,42.944445786652736,"[16.85185255827727, 23.61111111111111, 30.740744979293254, 28.98148430718316, 38.518517105667684, 49.53703703703704, 44.81481622766565, 57.2222250479239, 65.27777777777779, 73.88889171459057]",85.09260107,10.0,42.472223705715614,"[13.148148854573567, 22.96296578866464, 36.11111111111111, 33.240742153591576, 35.64814814814815, 41.388893127441406, 50.277780603479464, 63.981480068630646, 62.870371783221216, 65.09259541829428]",60.83333757,10.0,46.73148331818758,"[11.481482894332323, 19.90740740740741, 38.70370652940538, 40.27777777777778, 42.31481905336733, 45.83333333333333, 53.61111252396194, 65.18518659803603, 73.4259287516276, 76.5740783126266]",65.92593016,10.0,51.20370582297996,"[14.722223635073062, 24.074074074074076, 36.29630053484881, 42.68518377233435, 50.370371783221216, 53.98148430718316, 64.16666949236834, 67.96296437581381, 77.59259541829427, 80.18519083658855]",78.79629488
PG60,5.0,41.6666680795175,"[26.111115349663628, 41.2037037037037, 44.25926208496094, 36.944445857295285, 59.814813401963974]",91.48148431,8.0,40.27777954384133,"[26.018517105667684, 35.9259287516276, 31.85185326470269, 39.62963245533131, 41.94444727014612, 47.68518518518518, 40.00000423855251, 59.16666807951751]",93.79629912,8.0,38.47222372337624,"[16.85185255827727, 27.685186598036026, 33.05555979410807, 26.481480068630642, 37.685189423737704, 43.240744979293254, 52.87036895751953, 69.9074074074074]",79.72222787,10.0,38.97222271672001,"[18.33333262690791, 23.055556968406393, 25.0, 34.537039862738716, 45.83333333333333, 29.25925784640842, 22.22222222222222, 45.740742153591576, 60.277776364926936, 85.46296578866463]",82.31482329,8.0,41.95602028458207,"[18.888890301739732, 26.111115349663628, 35.46296578866464, 46.574076899775754, 47.12963104248047, 52.685186598036026, 57.96296155011213, 50.83333474618418]",97.03703986,10.0,36.027780108981666,"[19.7222215157968, 24.074074074074076, 26.111115349663628, 31.20370794225622, 32.77777919062862, 33.7962962962963, 29.814819053367337, 33.42592451307509, 34.074076899775754, 95.27778625488281]",93.79629912,8.0,38.43750070642542,"[22.685185185185187, 28.148149560998988, 30.925927338776766, 31.20370794225622, 33.7962962962963, 39.16666949236834, 41.296294883445455, 80.2777749520761]",83.14815097,10.0,42.39814864264595,"[20.185184478759766, 32.49999858714916, 22.77777636492694, 36.66666525381583, 43.98148148148148, 34.44444868299696, 46.111113936812785, 51.481480068630646, 63.240743566442426, 72.59259400544343]",85.64814815,10.0,23.583334816826714,"[9.259259259259261, 10.555556968406393, 18.33333262690791, 22.77777636492694, 20.370370370370374, 24.25926349781178, 24.907408820258247, 23.888891714590564, 28.42593016447844, 53.05555838125723]",51.01851711,6.0,25.246914522147474,"[17.9629643758138, 19.35185326470269, 18.98148148148148, 25.370371783221213, 31.48148148148148, 38.33333474618417]",48.79630053,10.0,25.33333425168638,"[8.518519224943939, 13.333334746184173, 11.851851145426433, 16.94444373801903, 23.518519931369358, 48.42592875162761, 32.2222250479239, 25.92592592592593, 43.333336159035014, 29.25925784640842]",37.59259118,7.0,21.77248757983011,"[7.592593299018013, 16.38888959531431, 20.370370370370374, 22.500002825701674, 30.555555555555557, 15.648149560998986, 39.35185185185185]",58.88888748,7.0,34.953706058455104,"[9.814816934091075, 17.870369663944953, 35.46296578866464, 46.94444868299696, 50.64815238670066, 48.98148289433232]",78.98148431,10.0,24.953704763341833,"[9.259259259259261, 20.277779190628614, 27.407405994556566, 18.888890301739732, 28.703703703703702, 25.185189423737704, 35.000002825701685, 26.666669492368346, 19.629630336055047, 38.518517105667684]",46.85185044,5.0,23.22222250479239,"[13.703702997278283, 17.68518730446144, 28.240740740740744, 31.85185326470269, 24.629628216778794]",65.83333192,7.0,24.828044447318586,"[14.629628923204208, 18.888890301739732, 25.648152386700662, 28.148149560998988, 34.72222222222222, 26.111115349663628, 25.648152386700662]",38.79629771,11.0,19.601852275707103,"[9.259259259259261, 16.296298415572558, 15.46296366938838, 11.759259965684677, 17.407406700981987, 21.38888747603805, 19.444444444444443, 24.35185467755353, 32.037035624186196, 28.61111252396195]",,8.0,28.321760672110095,"[15.185186598036026, 22.500002825701674, 21.481485720033998, 26.20370652940538, 28.333331920482497, 31.388890301739725, 35.64814814814815, 45.83333333333333]",56.20370794,6.0,19.39814885457357,"[11.296297002721717, 17.500001412850843, 19.35185326470269, 23.240739327889905, 19.537039156313295, 25.462962962962965]",26.94444303,9.0,23.662552225246355,"[10.925925219500504, 15.555554849130138, 18.98148148148148, 22.037039862738716, 21.38888747603805, 26.481480068630642, 22.407411645959925, 18.425927338776766, 56.75926208496094]",89.90741306
PG61,6.0,26.450618108113606,"[0.1851858916106064, 7.777779190628614, 27.03704127558956, 21.38888747603805, 37.5, 64.81481481481481]",74.62962822,6.0,20.632717344495983,"[0.1851858916106064, 8.518519224943939, 6.574076193350331, 17.9629643758138, 34.074076899775754, 56.481481481481474]",75.64815239,6.0,23.225310408038855,"[1.3888888888888895, 7.037039156313297, 19.16666737309209, 18.240741447166158, 33.14815097384983, 60.37037460892288]",72.03703986,4.0,18.75,"[0.1851858916106064, 6.759258552833841, 23.240739327889905, 44.81481622766565]",53.51852134,4.0,19.768519754763002,"[1.0185206377947786, 11.11111111111111, 23.888891714590564, 43.05555555555556]",70.64815097,6.0,16.712964022601092,"[0.462962962962965, 6.574076193350331, 5.9259273387767655, 13.425925925925924, 26.481480068630642, 47.407411645959925]",69.90740741,6.0,21.003086772965798,"[1.2037029972782831, 7.2222215157968, 20.833333333333332, 16.38888959531431, 31.296299121997972, 49.074074074074076]",67.77778202,5.0,28.851853123417605,"[0.5555576748318136, 7.777779190628614, 20.74074215359158, 40.83333192048249, 74.35185467755353]",83.05555273,6.0,26.7592606721101,"[0.8333347461841722, 12.314814108389394, 18.61111323038737, 29.07407548692491, 34.074076899775754, 65.64814956099897]",76.20370653,6.0,26.203703585966135,"[1.8518518518518545, 14.166665960241248, 15.185186598036026, 25.462962962962965, 40.83333192048249, 59.72222222222222]",69.16667091,6.0,21.450618461326314,"[0.7407400343153236, 10.648148148148145, 9.629631042480469, 20.092593299018013, 31.85185326470269, 55.740744979293254]",48.98148289,9.0,27.325103901050706,"[0.9259259259259245, 9.53703633061162, 24.814817640516495, 21.57407689977575, 34.25925925925925, 29.814819053367337, 41.296294883445455, 32.96296155011213, 50.74074356644241]",29.53703845,5.0,31.925927621346933,"[5.4629643758138, 14.722223635073062, 30.833336159035007, 40.00000423855251, 68.61110969826028]",77.22222364,9.0,27.55144142810209,"[0.462962962962965, 12.12963174890589, 26.481480068630642, 16.296298415572558, 10.555556968406393, 31.296299121997972, 44.074072661223234, 52.50000423855252, 54.166666666666664]",4.166666667,4.0,23.194445504082573,"[3.8888895953143097, 16.38888959531431, 28.98148430718316, 43.51851851851852]",55.55555556,9.0,21.6152265729237,"[2.5925918861671726, 20.833333333333332, 27.685186598036026, 15.740740740740739, 28.703703703703702, 19.35185326470269, 23.148148148148145, 31.944444444444443, 24.537037037037035]",0.833334746,9.0,16.800412621517733,"[0.37037178322120723, 7.129630336055048, 6.38889030173973, 12.685185891610606, 13.333334746184173, 16.759261378535516, 15.925926632351345, 24.629628216778794, 53.98148430718316]",48.98148289,9.0,18.220166021904337,"[1.8518518518518545, 16.666666666666668, 11.203705822979964, 25.648152386700662, 17.314815521240234, 6.574076193350331, 24.074074074074076, 41.388893127441406, 19.259258552833842]",6.20370441,9.0,6.615227043873979,"[0.6481488545735659, 7.129630336055048, 4.722224341498482, 3.518517812093097, 3.796298415572558, 6.296295589870876, 12.592594711868848, 6.296295589870876, 14.537037743462456]",6.666667373,4.0,22.199074427286785,"[3.0555548491301376, 10.370371076795792, 25.83333474618417, 49.53703703703704]",63.98148007
PG62,8.0,90.70910101016585,"[85.03017871165535, 87.99108415836848, 90.48934651126372, 88.63877413599222, 91.22955993079039, 92.15485906057778, 95.30082433324839, 94.83818123943051]",97.52150342,6.0,83.5805595860113,"[85.03017871165535, 87.62095156430189, 66.80208352433121, 82.62443980066301, 88.82382101979809, 90.58188289531826]",88.82382102,7.0,88.98245666991322,"[85.03017871165535, 85.30776197951575, 88.5462506940893, 86.2330481671515, 90.39682306936079, 91.22955993079039, 96.1335741368296]",90.95198961,8.0,89.56406402138558,"[84.75258250164333, 89.65659670768251, 85.77040507333362, 92.80256198035313, 94.74565779752758, 88.45372725218637, 90.76691683697251]",92.24736956,2.0,84.75258250164333,[84.75258250164333],63.37853498,7.0,81.46121585332433,"[74.48193688005026, 86.78821470287232, 70.41067247759229, 81.79166411277856, 84.9376293854492, 89.65659670768251, 82.16179670684514]",82.34685653,6.0,89.9804416964944,"[84.9376293854492, 88.73131052004676, 88.91637034600424, 88.26866742622889, 92.52497871249273, 96.50369378874456]",91.87727579,5.0,89.119924506621,"[85.40027247926704, 88.26866742622889, 88.63877413599222, 87.806024332411, 95.48588415920585]",70.5032218,6.0,89.57948305430374,"[86.2330481671515, 87.3433682964415, 89.65659670768251, 91.9697862924687, 88.73131052004676, 93.5427883420314]",91.13704943,6.0,87.63638939415455,"[85.12270215355827, 88.5462506940893, 83.64224943020169, 88.91637034600424, 87.806024332411, 91.78473940866283]",91.22955993,10.0,68.78218677694409,"[60.14003979815086, 65.69174398181379, 61.99060570234657, 64.6739214101235, 70.78080507165883, 76.70260302293347, 80.49628415753108, 75.77732977744938, 63.10093877378817, 68.46759607364525]",59.95498644,6.0,65.33705029611251,"[60.14003979815086, 65.7842738947925, 70.31816197784096, 65.87679086561965, 65.41416071395338, 64.48887452631764]",79.94111762,6.0,71.72150859740718,"[60.14003979815086, 65.13657097501718, 69.85551888402308, 75.12963979982563, 80.86639086729441, 79.20089126013198]",80.77386743,6.0,64.18044471859308,"[59.67739670433298, 65.50668415585632, 69.94804232592602, 65.13657097501718, 59.862456530290444, 64.9515176201355]",77.62790215,10.0,71.79861793673544,"[60.04750988517211, 65.7842738947925, 72.63137744693037, 73.18654398265117, 70.22563853593803, 74.20435361218988, 66.52450025647082, 77.72042559462382, 77.25779544295757, 80.40376071562817]",86.60315488,1.0,59.39981343647257,[59.39981343647257],49.96191115,11.0,69.30035040697955,"[59.95498644326918, 64.6739214101235, 59.95498644326918, 65.41416071395338, 69.6704655291414, 77.53537871081794, 69.1152925223448, 74.29687705409277, 81.14398707730646, 71.24344816547674]",,10.0,60.12153187423236,"[60.04750988517211, 66.61701722729792, 62.638308622121905, 70.13308920973188, 64.58140443929636, 61.805552347464875, 56.901544612501496, 50.14697744441822, 52.27512014539851, 56.06879480892029]",53.29294272,10.0,56.022525969785434,"[59.67739670433298, 65.04404753311425, 60.14003979815086, 49.68433435060033, 55.05097223722999, 49.96191114738491, 55.236038534263265, 50.23950088632113, 55.14350862128452, 60.04750988517211]",59.76992662,7.0,67.11931784698551,"[61.15784295661374, 64.76645779417804, 69.57793561616268, 70.13308920973188, 64.85898770715679, 71.15091178142218, 68.18999986363325]",74.01928084
PG63,5.0,70.355170060387,"[70.96586489761631, 69.94804232592602, 75.03710341577109, 57.27165132226483, 78.55318834035666]",71.15091178,5.0,67.57931538012517,"[77.90547247842969, 77.44282938461178, 58.01189062609473, 65.59921406883504, 58.937170342654674]",68.09748289,6.0,79.98737287168593,"[71.24344816547674, 77.99802180463583, 78.92329505011998, 87.3433682964415, 82.16179670684514, 82.25430720659645]",80.68134398,8.0,84.96408129447353,"[74.8520565319652, 81.97673688088767, 85.67785574712745, 88.5462506940893, 90.11923980150041, 81.51409378706977, 92.06233561867485]",72.63137745,9.0,70.811644780943,"[79.57099796989533, 86.41808210880572, 85.03017871165535, 86.97327452882979, 75.3146996257831, 52.83029962327094, 37.19300317289662, 63.84117807761809, 70.13308920973188]",69.76299544,6.0,71.19718105196209,"[76.88767579104261, 73.92677034432946, 70.59574524570137, 70.96586489761631, 67.81988668279408, 66.98714335028868]",69.11529252,4.0,70.8501960353171,"[70.13308920973188, 73.37160380860867, 76.79515234913966, 63.10093877378817]",58.93717034,5.0,81.53259588702004,"[76.70260302293347, 73.46412725051157, 82.0692603227906, 80.49628415753108, 94.93070468133342]",88.63877414,6.0,71.32054564116599,"[76.42501975507311, 72.81641138858458, 76.05492598746137, 79.84856829560411, 63.37853498380021, 59.39981343647257]",51.3498469,2.0,64.58140443929636,[64.58140443929636],75.59228289,8.0,58.728978847337004,"[52.27512014539851, 52.83029962327094, 40.89413498128803, 54.95844879532705, 57.08660443845896, 72.7239008888333, 73.5566377502629, 65.50668415585632]",50.23950089,4.0,64.81272113289846,"[65.04404753311425, 68.56011304447239, 64.3963446133389, 61.25037934066828]",50.33202433,6.0,63.08552682823878,"[62.26819544128277, 61.15784295661374, 64.58140443929636, 66.89461343730996, 66.52450025647082, 57.08660443845896]",59.21474714,3.0,59.816191573801085,"[59.30728352349384, 60.32509962410833]",56.25384816,5.0,59.14073226856242,"[54.95844879532705, 57.919360713116, 58.289473893955126, 62.73082559294904, 61.805552347464875]",63.56358834,2.0,62.73082559294904,[62.73082559294904],54.03316908,3.0,56.37721922408167,"[54.03316907876711, 56.901544612501496, 58.1969439809764]",60.32509962,5.0,64.9330103433246,"[67.72736971196697, 63.748648164639334, 64.30380822928434, 63.84117807761809, 65.04404753311425]",50.70213751,5.0,69.4298877553967,"[61.89808226044362, 73.46412725051157, 70.13308920973188, 75.86986616150391, 65.7842738947925]",58.10441407,4.0,55.49048932387899,"[59.7699266173117, 60.04750988517211, 63.00842180296107, 39.13609899007106]",63.19347516
